ts,question,slug,condition_id,token_id,mid,spread,max_spread,min_size,daily_rate,qual_notional,book_score,my_score,est_daily,yield_pct,near_zero,end_date
2026-07-23T16:39:42Z,Will CXMT’s closing IPO market cap be at least 3T yuan?,will-cxmts-closing-ipo-market-cap-be-at-least-3t-yuan-20260723150635976,0xe97dd84ba462a1e280b5c7c9ac2b03a0ac36fc4a6c770914ecfca7121851628d,46016996643536455739019743225883013517813808401202518389112059522238976281310,0.59,0.11,0.045,20.0,400.0,0.0,0.0,105.9322,400.0,80.0,True,2026-12-31T00:00:00Z
2026-07-23T16:39:43Z,Israel x Iran ceasefire continues through August 31?,israel-x-iran-ceasefire-continues-through-august-31-20260716224448970-754-896,0xc1556ecbe613e403dfb9e38bf1b25a8aee2aa1687f2b343bc896dd2c9763ed74,10451124928493844849355057703558222404087423201197729105477623039880661055484,0.33,0.01,0.025,200.0,300.0,247.04,13.6832,189.3939,279.7862,55.9572,False,2026-08-31T00:00:00Z
2026-07-23T16:39:42Z,Israel x Iran ceasefire continues through July 31?,israel-x-iran-ceasefire-continues-through-july-31-20260716224448968-384-155-519,0xa6480903e54c68f2ee79cacb7861dfcc9b473e8b07d6dcaf2c9923034a5fb56f,107961194152792740725727064379230288293910546811577910480987951504293301797282,0.605,0.01,0.025,200.0,1000.0,6451.06,658.3675,103.3058,135.6301,27.126,False,2026-07-31T00:00:00Z
2026-07-23T16:39:44Z,"Will ""A Toxic Love Story"" be the #2 global Netflix movie this week?",will-a-toxic-love-story-be-the-2-global-netflix-movie-this-week-20260722141614756,0x05fc9470b8fbd45b77a25876ae33db9eb77c1bf044d6cc0661c2299a52c6093a,56321851512855298312484384273928017246871055513319907445706079450232759967320,0.238,0.037,0.045,20.0,130.0,42.9,16.1273,262.605,122.4783,24.4957,True,2026-07-28T00:00:00Z
2026-07-23T16:39:45Z,"Will ""The Hawk: Season 1"" be the top US Netflix show this week?",will-the-hawk-season-1-be-the-top-us-netflix-show-this-week-20260722151117757,0x52a0336213212766979014eafd152b3dc9a7c02ddf59c502556b2d478b1c9538,39821322097948133765919991866700910715191624633244266739047033063796736061823,0.595,0.31,0.045,20.0,122.0,0.0,0.0,105.042,122.0,24.4,True,2026-07-28T00:00:00Z
2026-07-23T16:39:43Z,Iran full airspace closure by July 27?,iran-full-airspace-closure-by-july-27,0x5dd201517c0879ed3bcf2046d83586a6b32c3a71ab8c7877e308101f19fda007,104571058871703222723519137411549820609168313175956629377230293706494240682880,0.325,0.02,0.045,200.0,300.0,2834.44,314.0331,192.3077,113.9397,22.7879,False,2026-07-27T00:00:00Z
2026-07-23T16:39:45Z,"Will ""72 Hours"" be the top global Netflix movie this week?",will-72-hours-be-the-top-global-netflix-movie-this-week-20260722141448096,0xcede63770b3337cb0440e01a9530f6e4d5f38196288b105aa9e71a748a755418,28463045766688089428075184066166157469313646343460122258391679214829478527608,0.63,0.24,0.045,20.0,113.0,0.0,0.0,99.2063,113.0,22.6,True,2026-07-28T00:00:00Z
2026-07-23T16:39:45Z,"Will ""Ransom Canyon: Season 2"" be the #2 US Netflix show this week?",will-ransom-canyon-season-2-be-the-2-us-netflix-show-this-week-20260722151432252,0xa45e71f734a5be3b99424409d961aecc58bb2d050822a9b03d4251ece015527f,31730954472775134057677230056115192503055110761476516689363801267460958084537,0.61,0.32,0.045,20.0,102.0,0.0,0.0,102.459,102.0,20.4,True,2026-07-28T00:00:00Z
2026-07-23T16:39:46Z,"Will Tesla, Inc. (TSLA) hit (LOW) $300 in July?",will-tsla-dip-to-300-in-july-2026,0x41641167ae0e26c744d0357590816fbbada658bd5ba952f1cbaccddf59401186,48617656750043103930445378987886852669383196324136014278977728055237403354191,0.3815,0.171,0.055,20.0,100.0,0.0,0.0,163.827,100.0,20.0,True,2026-08-01T00:00:00Z
2026-07-23T16:39:46Z,"Will Airbnb, Inc. (ABNB) hit (HIGH) $152 in July?",will-abnb-reach-152-in-july-2026,0xa87487e7a57102cbb0d1d5a639b3cd9c64be8410467437792fb198677841c105,97529042469429305505285624831949197947686689578249612884431538569581826301539,0.185,0.35,0.055,20.0,100.0,0.0,0.0,337.8378,100.0,20.0,True,2026-08-01T00:00:00Z
2026-07-23T16:39:46Z,Will gas hit $4.25 (High) by July 31?,will-gas-hit-4pt25-high-by-july-31-20260630204749449,0x1904f304d39fc5fee6026e9c7db6021d1fb31100c1b24dd58e5be238f5caac3b,11389340314080358516306442760625700870480141456828020591715001326675644733525,0.665,0.3,0.045,20.0,100.0,0.0,0.0,93.985,100.0,20.0,True,2026-07-31T00:00:00Z
2026-07-23T16:39:46Z,Will Alphabet Inc. (GOOGL) hit (LOW) $290 in July?,will-googl-dip-to-290-in-july-2026,0x6083b3b41bc49b5da67d9eb2d9435dbdad0e437f8c0cc1c72ce834c6abf915bf,64962303546468263408729305711595331570713025089322485840226971034465083875465,0.1555,0.307,0.055,20.0,100.0,0.0,0.0,401.9293,100.0,20.0,True,2026-08-01T00:00:00Z
2026-07-23T16:39:46Z,Will Bed Bath & Beyond (BBBY) beat quarterly earnings?,bbby-quarterly-earnings-nongaap-eps-07-27-2026-neg0pt26,0x2a6affd160ac8d394da6a12d8ff1479e20e1f6efa22e46001d82ea99665f1045,3211681613812496030036825794197638303069338741374769434227063543751123328689,0.34,0.39,0.045,20.0,100.0,0.0,0.0,183.8235,100.0,20.0,True,2026-07-27T00:00:00Z
2026-07-23T16:39:46Z,Will NRG Win More than 3.5 Matches in VCT 2026 Americas Stage 2,will-nrg-win-more-than-3pt5-matches-in-vct-2026-americas-stage-2-20260710215217321,0x7b95d82b70f5bbd57e5e98d670e7bb9de9d7fc220d0c9e1d995faab2716ffe97,61890433273361274314277648576638430733369197422832520628341813755922466318600,0.5,0.98,0.045,100.0,100.0,0.0,0.0,125.0,100.0,20.0,True,
2026-07-23T16:39:46Z,Will FUT Esports Win More than 3.5 Matches in VCT 2026 EMEA Stage 2,will-fut-esports-win-more-than-3pt5-games-in-vct-2026-emea-stage-2-20260710204142752,0x816e41c1437f24503f0c52779cee4030ee1dd37d0fe0b1cfeab9bfdeaa22ba9f,21322244670030581979656838241483525996976893046995394596486701394317551333243,0.5,,0.045,100.0,100.0,0.0,0.0,0.0,100.0,20.0,True,
2026-07-23T16:39:46Z,Will Virtu Financial (VIRT) beat quarterly earnings?,virt-quarterly-earnings-nongaap-eps-07-30-2026-1pt82,0xe51d31ccfbad36c133152ce07533e5baee5db4bf2b02f76df7192fce363ac770,70850369222036714639862687373029831748534501459762925132957858367095793014711,0.89,0.1,0.045,20.0,100.0,0.0,0.0,70.2247,100.0,20.0,True,2026-07-30T00:00:00Z
2026-07-23T16:39:46Z,Will CBOE (CBOE) beat quarterly earnings?,cboe-quarterly-earnings-nongaap-eps-07-31-2026-3pt49,0xf9c9b9019399a2ad6422bab7ac14280852187f84d21d77f0f7f9dc34e76ebee3,87430534700884242543877171806491615269151201728464854955145649876294835325163,0.5,0.67,0.045,20.0,100.0,0.0,0.0,125.0,100.0,20.0,True,2026-07-31T00:00:00Z
2026-07-23T16:39:46Z,Will Franklin Resources (BEN) beat quarterly earnings?,ben-quarterly-earnings-nongaap-eps-07-31-2026-0pt66,0xe96fd9c6959d0483dc0cd457db695ba432fc34c3b210fa5762d550eeebb38e1c,62145801383918917369074297271551777002578321411478831697677465943504561626307,0.865,0.19,0.045,20.0,100.0,0.0,0.0,72.2543,100.0,20.0,True,2026-07-31T00:00:00Z
2026-07-23T16:39:46Z,Will Hyatt Hotels (H) beat quarterly earnings?,h-quarterly-earnings-nongaap-eps-07-30-2026-0pt91,0xbacfe33b8d37d9d89575c2e8403a23143fca1e87b2da8656cc78107be3b06be5,91525189356504719161521982787755128695338298016133694892627006807107380330831,0.72,0.12,0.045,20.0,100.0,0.0,0.0,86.8056,100.0,20.0,True,2026-07-30T00:00:00Z
2026-07-23T16:39:47Z,Will Hilton Grand Vacations (HGV) beat quarterly earnings?,hgv-quarterly-earnings-nongaap-eps-07-30-2026-1pt01,0xed28fe614ddb367d9cd5a79fc87875068ee5744fc29aea5ef68dedbd6a19801b,12654067115346150163642067363396593650322652448423737548839238158831361270969,0.375,0.45,0.045,20.0,100.0,0.0,0.0,166.6667,100.0,20.0,True,2026-07-30T00:00:00Z
2026-07-23T16:39:47Z,Will Teleflex (TFX) beat quarterly earnings?,tfx-quarterly-earnings-nongaap-eps-07-30-2026-1pt27,0x71d208102cb9e38cf0fb01fa6ae9b64575d64cc5b113ad24c3d61fa351c0e4c6,66304984097935439919143680080398521383016733887126667631363436280702986134078,0.5,0.12,0.045,20.0,100.0,0.0,0.0,125.0,100.0,20.0,True,2026-07-30T00:00:00Z
2026-07-23T16:39:47Z,Will FURIA Qualify to VCT Champs 2026?,will-furia-qualify-to-vct-champs-2026-20260714215938480,0x0e63805c49a962923c04f2f50649227a4f5b872a80e35d2744e125d41895418d,93259296121685710750913497221808678400461713979151033273579752493665215796903,0.2,,0.045,100.0,100.0,0.0,0.0,0.0,100.0,20.0,True,
2026-07-23T16:39:47Z,Will Ares Management (ARES) beat quarterly earnings?,ares-quarterly-earnings-nongaap-eps-07-31-2026-1pt27,0x6fc29d9fc5a9d0955eb8b610b028ccf38a5c82d33013fc06b261f441fa8ec6c8,114893168592954566409079343195195255732774138535606826673579674453298015402831,0.5,0.68,0.045,20.0,100.0,0.0,0.0,125.0,100.0,20.0,True,2026-07-31T00:00:00Z
2026-07-23T16:39:47Z,Will Gen.G Qualify to VCT Champs 2026?,will-genptg-qualify-to-vct-champs-2026-20260714215938456,0x849c671e5d32052eb9965d748010d7fcc67347a11c2054413069dad3ce993abe,32430046876216838094516189371596512837881699324998859172459131441743408377533,0.375,0.42,0.045,100.0,100.0,0.0,0.0,166.6667,100.0,20.0,True,
2026-07-23T16:39:48Z,Will KKR (KKR) beat quarterly earnings?,kkr-quarterly-earnings-nongaap-eps-07-30-2026-1pt43,0xad295c635f1b336bcca4f6a7277898a221786afd884f0768de21bb058820c1a9,2985452699226756977934338062684199463509754213610812865231719213167357378437,0.635,0.1,0.045,20.0,100.0,0.0,0.0,98.4252,100.0,20.0,True,2026-07-30T00:00:00Z
2026-07-23T16:39:48Z,Will CBRE Group (CBRE) beat quarterly earnings?,cbre-quarterly-earnings-gaap-eps-07-29-2026-1pt32,0x27211249b8125a43a4b850ce763030142709ee1402ebac8b3a8543bee0cd9d22,96396692298769336004886924313436915563728537597092307203348009381785464196238,0.725,0.14,0.045,20.0,100.0,0.0,0.0,86.2069,100.0,20.0,True,2026-07-29T00:00:00Z
2026-07-23T16:39:48Z,Will Apollo Global Management (APO) beat quarterly earnings?,apo-quarterly-earnings-nongaap-eps-08-04-2026-2pt16,0xe4ed3e6a20ddf07309e59c5033ba5e93098f517dd0fe08cc256d3355b7a9829e,20914617451417167730318487435368387578903620434195291048367499134912355333796,0.865,0.25,0.045,20.0,100.0,0.0,0.0,72.2543,100.0,20.0,True,2026-08-04T00:00:00Z
2026-07-23T16:39:48Z,Will Hinge Health (HNGE) beat quarterly earnings?,hnge-quarterly-earnings-gaap-eps-08-04-2026-0pt39,0x9e31b38639e6adf671c0bf9ba23ff6089f8630e8ab1ebe41e7168d00af72f07c,66844367870521342058518070171556297618585042882212514168965732786469365225806,0.845,0.29,0.045,20.0,100.0,0.0,0.0,73.9645,100.0,20.0,True,2026-08-04T00:00:00Z
2026-07-23T16:39:48Z,Will Cabot (CBT) beat quarterly earnings?,cbt-quarterly-earnings-nongaap-eps-08-03-2026-1pt65,0x021079236227755f2ba67f45a75ae6d3ed8325900fbe419e6c428cf0499c6f85,26368665769245467007628649863643291613932412632549395419665728042323105664063,0.36,0.7,0.045,20.0,100.0,0.0,0.0,173.6111,100.0,20.0,True,2026-08-03T00:00:00Z
2026-07-23T16:39:48Z,Will Sysco (SYY) beat quarterly earnings?,syy-quarterly-earnings-nongaap-eps-08-04-2026-1pt51,0x9942eefa220034efe6a1f9d4a1d0bc4536003a8a1014811230965a2eefe6331c,67472140510725415232361028601399316510911829774807929508222468381138570606378,0.8,0.33,0.045,20.0,100.0,0.0,0.0,78.125,100.0,20.0,True,2026-08-04T00:00:00Z
2026-07-23T16:39:48Z,Will TKO Group (TKO) beat quarterly earnings?,tko-quarterly-earnings-gaap-eps-08-03-2026-1pt34,0xe355fbd9793e61006d553a8b8b6287af2aa08842bbb001aba94a7b1956333623,49557809255250142557760865735832730509408098379015983397939780186087449020149,0.8,0.38,0.045,20.0,100.0,0.0,0.0,78.125,100.0,20.0,True,2026-08-03T00:00:00Z
2026-07-23T16:39:48Z,Will Booking Holdings (BKNG) beat quarterly earnings?,bkng-quarterly-earnings-nongaap-eps-08-04-2026-2pt44,0x8f0253f17227d1a61abfe873a8d34b0cc77c646f52d025679966cd602b501691,74525003829026384472498007084343709454641628375006648138008537097732928808104,0.8,0.16,0.045,20.0,100.0,0.0,0.0,78.125,100.0,20.0,True,2026-08-04T00:00:00Z
2026-07-23T16:39:48Z,Will Sunoco (SUN) beat quarterly earnings?,sun-quarterly-earnings-gaap-eps-08-04-2026-2pt7,0x8b06bf04dd0dde19c59ba3c694888ab374e7ec85f05fb83ddd8458cffdcd353c,43104438869670722294440977700449638632943486786316682051269070442468513408802,0.4,0.08,0.045,20.0,100.0,16.0,0.2469,156.25,99.8422,19.9684,True,2026-08-04T00:00:00Z
2026-07-23T16:39:48Z,Will Williams Companies (WMB) beat quarterly earnings?,wmb-quarterly-earnings-nongaap-eps-08-03-2026-0pt5,0xc6f3245a41b61a6f1ccfdd5ea5f6c64e190b445cf9ec25f47af8dc55f7329e63,70860045790672426774120091293621582623530955429788906459239186643374591973319,0.55,0.08,0.045,20.0,100.0,22.0,0.2469,113.6364,99.7832,19.9566,True,2026-08-03T00:00:00Z
2026-07-23T16:39:47Z,Will USA Today (TDAY) beat quarterly earnings?,tday-quarterly-earnings-gaap-eps-07-30-2026-neg0pt02,0xf72ff3d55caec8a37eb129f22d36410743e420c0b09dfd2fac36ce758b578ad3,101773506935735394581890597433891269425285070023306000031548378170317408595641,0.53,0.08,0.045,20.0,100.0,46.11,0.2757,117.9245,99.7667,19.9533,True,2026-07-30T00:00:00Z
2026-07-23T16:39:46Z,Will Yum Brands (YUM) beat quarterly earnings?,yum-quarterly-earnings-nongaap-eps-07-30-2026-1pt56,0xf12f1d26c9f7c02c36e0986be4e32f5adc2b30642f0f1f4dda2b5a51bf3e20dd,16278478986655097999399971600359541719827915233696303371802307035909509741698,0.7,0.08,0.045,20.0,100.0,28.0,0.2469,89.2857,99.7242,19.9448,True,2026-07-30T00:00:00Z
2026-07-23T16:39:48Z,Will ON Semiconductor (ON) beat quarterly earnings?,on-quarterly-earnings-nongaap-eps-08-03-2026-0pt72,0x38798f828286ad537e252b0f35314bbcc029134537fcea792fa4d72991f736c0,102110106170672191577879607665048290063070028708710915203633785368036925443854,0.8,0.08,0.045,20.0,100.0,32.0,0.2469,78.125,99.6849,19.937,True,2026-08-03T00:00:00Z
2026-07-23T16:39:48Z,Will Tower Semiconductor (TSEM) beat quarterly earnings?,tsem-quarterly-earnings-gaap-eps-08-04-2026-0pt67,0xb7b0789020493c48683e3932656e33b009b98ab5fd9d0788ab801b3cbf59182a,36446257164074052764340122825469733176021489577717326230722244241487917303072,0.55,0.08,0.045,20.0,100.0,110.0,0.9877,113.6364,99.1384,19.8277,False,2026-08-04T00:00:00Z
2026-07-23T16:39:48Z,Will Opendoor Technologies (OPEN) beat quarterly earnings?,open-quarterly-earnings-gaap-eps-08-04-2026-neg0pt07,0x3254430175575fd5a2f53bd6db85627ec99244ec1516d4fb71803a88062f8ff7,109343435906687055593108226797788378347951710485008722030072675730973689967466,0.405,0.07,0.045,20.0,100.0,42.12,1.9753,154.321,98.7362,19.7472,True,2026-08-04T00:00:00Z
2026-07-23T16:39:46Z,"Will Tesla, Inc. (TSLA) hit (LOW) $285 in July?",will-tsla-dip-to-285-in-july-2026,0x23bea5c636bbc008a49e1bbe3e76bd2eb448143fc7e15372fca3da5b3acc3cac,27455214929229216194148935896303533639331403730653032598326346932027957147875,0.1585,0.061,0.055,20.0,100.0,27.51,12.4996,394.3218,96.9275,19.3855,True,2026-08-01T00:00:00Z
2026-07-23T16:39:47Z,Will MicroStrategy (MSTR) beat quarterly earnings?,mstr-quarterly-earnings-gaap-eps-07-30-2026-5pt01,0xd834574c029c74abfaeaaa5bfff7d89e325b6d2519446a0469b982e4676f2738,40997360334380478534867918212666329169094796927948843906176519246318161560668,0.125,0.05,0.045,20.0,100.0,85.57,18.7141,500.0,96.3922,19.2784,False,2026-07-30T00:00:00Z
2026-07-23T16:39:48Z,Will Paramount Skydance (PSKY) beat quarterly earnings?,psky-quarterly-earnings-gaap-eps-07-30-2026-0pt11,0xa946c9907b3cfa4f70acbd63efa6b1f2b845e8553b2e575313cba1641189cc53,17299168363270450417324772796139103391313282075914022181173594418158607912827,0.35,0.06,0.045,20.0,100.0,73.5,8.5185,178.5714,95.4468,19.0894,False,2026-07-30T00:00:00Z
2026-07-23T16:39:47Z,Will Penske (PAG) beat quarterly earnings?,pag-quarterly-earnings-gaap-eps-07-29-2026-3pt39,0xdb3c1e0e76010fb23f1c29d2adf701c1e56eadc2d0d45282863296367ba64e71,114992019226030707787267769873177762511774536616627977648082303371274506578076,0.585,0.07,0.045,20.0,100.0,286.64,6.2877,106.8376,94.4418,18.8884,False,2026-07-29T00:00:00Z
2026-07-23T16:39:42Z,Clarity Act signed into law in 2026?,clarity-act-signed-into-law-in-2026,0x9cb23d04b2ded06147482076688b69b487a8d982c63ebdda2ab3678cf27cf390,35198549486569600595408965368290795524428922595732253580266052028158040373233,0.36,0.01,0.035,200.0,1000.0,8194.01,1705.4322,173.6111,92.3934,18.4787,False,2027-01-01T00:00:00Z
2026-07-23T16:39:46Z,Will Microsoft Corporation (MSFT) hit (HIGH) $435 in July?,will-msft-reach-435-in-july-2026,0x261ae0a4390d62bc0f8398f9d1371247c0d8452bdfa025ef0df97f65aafd3fb0,18851998763127776769489396326050031447189562269862178415313509223509441731026,0.095,0.01,0.055,20.0,100.0,75.15,54.2149,657.8947,92.3867,18.4773,False,2026-08-01T00:00:00Z
2026-07-23T16:39:48Z,Will StoneX Group (SNEX) beat quarterly earnings?,snex-quarterly-earnings-gaap-eps-08-04-2026-1pt1,0x2807cef4627c9d35d01a2b768898a7e851415ff25e0453db88ff59b28bc566ae,73164980017564156829772092729167150088902781032410581298696379387421435265528,0.68,0.06,0.045,20.0,100.0,108.8,8.8889,91.9118,91.1817,18.2363,False,2026-08-04T00:00:00Z
2026-07-23T16:39:47Z,Will Ares Capital (ARCC) beat quarterly earnings?,arcc-quarterly-earnings-nongaap-eps-07-29-2026-0pt47,0xc1d7ebaa2951adedf0e111c0555e29426755d005dedb43ce71bf7d1c065a22b8,68751479741236891559514376256111606798978221383802927735078691565831990003084,0.355,0.07,0.045,20.0,100.0,267.79,17.8435,176.0563,90.7976,18.1595,False,2026-07-29T00:00:00Z
2026-07-23T16:39:46Z,"Will Coinbase Global, Inc. (COIN) hit (LOW) $135 in July?",will-coin-dip-to-135-in-july-2026,0x87557aed1491e16a55f4ac11c1ecd9a087ca84c7e50d4d6cf97e53ca11ec0216,74311732509022243264866064115556706170148257462381166039056642915205456657463,0.216,0.07,0.055,20.0,100.0,149.85,30.9088,289.3519,90.3489,18.0698,False,2026-08-01T00:00:00Z
2026-07-23T16:39:44Z,"Will ""72 Hours"" be the top US Netflix movie this week?",will-72-hours-be-the-top-us-netflix-movie-this-week-20260722141709154,0xf92ead0ab8a30c8c1eae493b64f75871e62306803ee2cb2e460ea500b4fbecbe,13505519166780313949354005351624142955374080325873257563445730977816973848769,0.685,0.03,0.045,20.0,135.0,437.03,45.1358,91.2409,90.3198,18.064,False,2026-07-28T00:00:00Z
2026-07-23T16:39:46Z,"Will Netflix, Inc. (NFLX) hit (LOW) $65 in July?",will-nflx-dip-to-65-in-july-2026,0xbe36b12c49003bf55fc5f0d2307f2ac111877c80c64801ce203dc2b2ff2d2a41,109149184397036053864021226203412730387101766947298337001637251126067643767972,0.215,0.05,0.055,20.0,100.0,89.66,34.6446,290.6977,89.3513,17.8703,False,2026-08-01T00:00:00Z
2026-07-23T16:39:46Z,Will Rivian Automotive (RIVN) beat quarterly earnings?,rivn-quarterly-earnings-gaap-eps-07-30-2026-neg0pt78,0xa99739deef61f908379c067815f2b9d5ba8aab1af77b2a65b216fa12d7e1f751,86207873380045762756751214293983921575512155263009721614210618727020020999140,0.835,0.07,0.045,20.0,100.0,366.75,10.3511,74.8503,87.851,17.5702,False,2026-07-30T00:00:00Z
2026-07-23T16:39:47Z,Will Chipotle Mexican Grill (CMG) beat quarterly earnings?,cmg-quarterly-earnings-nongaap-eps-07-29-2026-0pt32,0x4be61fd97343c46ae57b583c6779a392b17ebff171c3fdfeccc20ea666c0fa68,73757774502685288798023112276414405135392648383548564736323127528584783452942,0.735,0.07,0.045,20.0,100.0,379.26,12.1269,85.034,87.5187,17.5037,False,2026-07-29T00:00:00Z
2026-07-23T16:39:48Z,Will Toast (TOST) beat quarterly earnings?,tost-quarterly-earnings-gaap-eps-08-04-2026-0pt2,0x4493003e0f1c2793bdadb9ca12c8bf276de6e770f10b67821c2147b66934251c,52336472170712725419196697408090539526716205156565874122974739102500482125779,0.805,0.07,0.045,20.0,100.0,445.57,12.68,77.6398,85.961,17.1922,False,2026-08-04T00:00:00Z
2026-07-23T16:39:47Z,Will S&P Global (SPGI) beat quarterly earnings?,spgi-quarterly-earnings-nongaap-eps-07-28-2026-4pt95,0x58b58b75326faeebe77cbb9ff311e8a728af91da3e30a5a6c7407aa2a0c96243,63225129383889192783728089193869370415202906069773375948996402708974702057626,0.785,0.07,0.045,20.0,100.0,485.13,14.7654,79.6178,84.3559,16.8712,False,2026-07-28T00:00:00Z
2026-07-23T16:39:48Z,Will MGM Resorts (MGM) beat quarterly earnings?,mgm-quarterly-earnings-nongaap-eps-07-29-2026-0pt6,0xb5add19973c89018b5a90edd4b36fdbb09d77e7dbfe3938d3f491d640c9114ef,8411791165052179916724040689808692112663464990273119360816611980731827188133,0.4,0.06,0.045,20.0,100.0,318.9,31.7322,156.25,83.1196,16.6239,False,2026-07-29T00:00:00Z
2026-07-23T16:39:46Z,Will NVIDIA (NVDA) hit (HIGH) $224 in July?,will-nvda-reach-224-in-july-2026,0x9d35339b69408e548bb498f4173a20955853b565a1baa4cd480da03d4a257dee,38267142037334206759612555862960552826043995539731141882564986058703535827693,0.23,0.04,0.055,20.0,100.0,177.85,61.349,271.7391,81.5817,16.3163,False,2026-08-01T00:00:00Z
2026-07-23T16:39:42Z,Will the Fed increase interest rates by 25 bps after the September 2026 meeting?,will-the-fed-increase-interest-rates-by-25-bps-after-the-september-2026-meeting-649,0x876506d8b2bd7a0d3fa4fe18c024eee6e1dd81ee24c26795dadd6cfe4a7b5d0d,63842529068710005716169325380315470359047749786610778647370693404952498013178,0.52,0.01,0.045,200.0,538.0,10522.61,675.2595,120.1923,81.2915,16.2583,False,2026-09-16T00:00:00Z
2026-07-23T16:39:47Z,Will Caesars Entertainment (CZR) beat quarterly earnings?,czr-quarterly-earnings-gaap-eps-07-28-2026-0pt05,0x13805b2ba317a2c26ff596bb59534c23c4808fd26eac9be6f847977b92fd6bf3,9825579902639874055153659171549110933134237392703741050588043578397877575974,0.18,0.04,0.045,20.0,100.0,137.35,82.7817,347.2222,80.7486,16.1497,False,2026-07-28T00:00:00Z
2026-07-23T16:39:46Z,"Will Coinbase Global, Inc. (COIN) hit (HIGH) $185 in July?",will-coin-reach-185-in-july-2026,0x35c8fc9ca33507dc0cf90cd7827d4fa95ad93b317b4c5bbc43b3e5d75eb23776,81534661969104309373851296168267135697005334830889444762807276620094063994542,0.26,0.04,0.055,20.0,100.0,234.38,63.7796,240.3846,79.0312,15.8062,False,2026-08-01T00:00:00Z
2026-07-23T16:39:44Z,Fed Rate Hike by July 2026 Meeting?,fed-rate-hike-by-july-2026-meeting,0xac550c316d635e7f2dc810de6d6afd531e254b3c9c7d56d32d14337e7c3979e4,44805157856729475543761918918614273394865032511345958532719893352163987391326,0.251,0.041,0.045,200.0,150.0,6050.8,224.3019,249.004,78.9143,15.7829,False,2026-12-09T00:00:00Z
2026-07-23T16:39:43Z,"Copper cable hit with Sec. 232 tariffs by December 31, 2026?",copper-cable-hit-with-secpt-232-tariffs-by-december-31-2026-20260721191705881,0x505fb00f89853e24691ff6bfcbe979dd5f99abc819db0c752cdfad96c72e0bf4,110990682133075193166496424805679537753394358123443101261302556761510648239612,0.155,0.01,0.045,20.0,250.0,1144.83,884.5612,403.2258,78.2788,15.6558,False,2026-12-31T00:00:00Z
2026-07-23T16:39:46Z,"Will Amazon.com, Inc. (AMZN) hit (LOW) $232 in July?",will-amzn-dip-to-232-in-july-2026,0xe6615296e3ef1bc95dfbc3fcb2e39432b9c8e67b8c6155c1eb79ef9ee45504bc,66502121960898281026272913005388412772957797012866244901118778003068190961085,0.87,0.02,0.055,20.0,100.0,104.4,22.9752,71.8391,75.7682,15.1536,False,2026-08-01T00:00:00Z
2026-07-23T16:39:46Z,"Will Amazon.com, Inc. (AMZN) hit (LOW) $208 in July?",will-amzn-dip-to-208-in-july-2026,0xe83d3bb7de3e626f2fbeda74beab960baa23b6d24fe48fbd111d00149261628a,111704078275789445952446994621261348540993131426405813201505828935266152659016,0.1595,0.021,0.055,20.0,100.0,163.73,126.0424,391.8495,75.6624,15.1325,False,2026-08-01T00:00:00Z
2026-07-23T16:39:43Z,Israel closes its airspace by July 31?,israel-closes-its-airspace-by-july-31-287,0xb12f5e328a7d9f7a26e0a074625ea775025104e673c776d575dab422a472ef59,83949391398129766321449386019175318571490128024347049307900487790711865604735,0.32,0.02,0.045,300.0,300.0,2883.82,584.2453,195.3125,75.1628,15.0326,False,2026-07-31T00:00:00Z
2026-07-23T16:39:45Z,Mitch McConnell steps down from Senate before his term ends?,will-mitch-mcconnell-resign-from-the-senate-before-his-term-ends,0x15d2e66dcf1d63c5695d6d0e9e2f8e06dd246d00fd5dfc254f2b22baa33bfa1b,79397895660526576528066965797785113521241099187839967306891454236823723226031,0.455,0.02,0.035,200.0,100.0,1097.85,47.5907,137.3626,74.2688,14.8538,False,2027-01-03T00:00:00Z
2026-07-23T16:39:47Z,Will O'Reilly Automotive (ORLY) beat quarterly earnings?,orly-quarterly-earnings-gaap-eps-07-29-2026-0pt86,0xbee59b711f4a12ac673ff9279742b11eeaaa3cb71a00fbb5d18b4c9e7c6d87d7,78982223343042467588377393574292485705732328677821527322677193026618222102086,0.555,0.03,0.045,20.0,100.0,308.87,50.2716,112.6126,69.1366,13.8273,False,2026-07-29T00:00:00Z
2026-07-23T16:39:46Z,Will Microsoft Corporation (MSFT) hit (HIGH) $420 in July?,will-msft-reach-420-in-july-2026,0xf612ea924360a829e35c1727b9a4a453a2dfdb152b22cfa7fd25330b30a3850d,113747724221620123505757609087788123384126387129026943532999433482572816379041,0.185,0.04,0.055,20.0,100.0,359.41,168.8668,337.8378,66.6735,13.3347,False,2026-08-01T00:00:00Z
2026-07-23T16:39:43Z,Will Meta be the #2 AI lab at the end of August 2026?,will-meta-be-the-2-ai-lab-at-the-end-of-august-2026-20260720231255332,0xc5698c53ad8d753daab3606bc004ef33a9e59928d4281ee7b1d5d0914b13ec22,4119773107807418070076967516779520033997493998218935376509365712462942135933,0.545,0.01,0.045,20.0,222.0,1124.72,267.7447,114.6789,66.572,13.3144,False,2026-08-31T00:00:00Z
2026-07-23T16:39:45Z,Will Isaac del Toro win the White Jersey at the 2026 Tour De France?,will-isaac-del-toro-win-the-white-jersey-at-the-2026-tour-de-france-20260702205142933,0xb9cab4e1091348fe20d197814a525c9a7b41a3fdcdbc3775fe22ac8e162da033,1020338074207351325080482043155804712006368784757765077113195627233682578569,0.59,0.03,0.045,50.0,115.0,903.23,78.3765,105.9322,66.0967,13.2193,False,2026-08-09T00:00:00Z
2026-07-23T16:39:44Z,Will the Republicans win the Arizona Secretary of State race in 2026?,will-the-republicans-win-the-arizona-secretary-of-state-race-in-2026-20260722170537384,0xe21cd5ccfcb3f00807b02d53f8fda82a706f02ada1591757a92098dcfac422a7,27291409872829053887682452097658310805518598225945226474872046634484164253741,0.145,0.01,0.045,20.0,164.0,320.86,646.3146,431.0345,65.6144,13.1229,False,2026-11-03T00:00:00Z
2026-07-23T16:39:47Z,Will Cigna Group (CI) beat quarterly earnings?,ci-quarterly-earnings-nongaap-eps-07-30-2026-7pt6,0xecdbab51723875aee7d00faa3b5a8adbbfe7054763dff375c92443a670bb6a61,57175244383185685771650273300704852315000742178737126687189743286145691629025,0.895,0.03,0.045,20.0,100.0,520.27,38.4869,69.8324,64.469,12.8938,False,2026-07-30T00:00:00Z
2026-07-23T16:39:47Z,Will Chevron (CVX) beat quarterly earnings?,cvx-quarterly-earnings-nongaap-eps-07-31-2026-5pt32,0x612ac685fca390b9190dff33d0a273d0346c9365af9419e39187658e0fe08381,26760743548561798302877649637249642122451273987471265424315720818363434968390,0.82,0.04,0.045,20.0,100.0,326.56,42.1296,76.2195,64.4023,12.8805,False,2026-07-31T00:00:00Z
2026-07-23T16:39:47Z,Will Teladoc Health (TDOC) beat quarterly earnings?,tdoc-quarterly-earnings-gaap-eps-07-29-2026-neg0pt25,0x71d4b9d549d6fd1fb2f01840988b3f2ebe0abfcd764f3b075488e8d1d9f277c3,40047140672060837057029401202056241667102250283052947143980636184553937445015,0.41,0.01,0.045,20.0,100.0,157.44,90.3457,152.439,62.7877,12.5575,False,2026-07-29T00:00:00Z
2026-07-23T16:39:47Z,Will Sonos (SONO) beat quarterly earnings?,sono-quarterly-earnings-nongaap-eps-07-29-2026-0pt2,0x7fcbdfbd6a6b450bd496003f052b818fa36e289e44d414eb7a1abf3dbf103c82,72145343119237504061296153059895681688501680496142060969110485689490208317628,0.34,0.04,0.045,20.0,100.0,660.5,111.1852,183.8235,62.3112,12.4622,False,2026-07-29T00:00:00Z
2026-07-23T16:39:43Z,"Copper cable hit with Sec. 232 tariffs by December 31, 2027?",copper-cable-hit-with-secpt-232-tariffs-by-december-31-2027-20260721191705882,0x4d6c6ff42ea435092695670bffee22e8c2128031d78dc96edc17c48c5954b0f3,11613870955490772330905159369741440068008445718034120798620857005840853647505,0.425,0.01,0.045,20.0,250.0,1551.23,448.4566,147.0588,61.7359,12.3472,False,2027-12-31T00:00:00Z
2026-07-23T16:39:46Z,"Will Robinhood Markets, Inc. (HOOD) hit (HIGH) $120 in July?",will-hood-reach-120-in-july-2026,0x7db1bf2e3472f3a55f53774d69410342aec9d7c1de3b67764a3e5543a1d76d4a,106612254555790544315344642288580535287290596503754597024191596696180951675245,0.14,0.02,0.055,20.0,100.0,249.95,297.7882,446.4286,59.9864,11.9973,False,2026-08-01T00:00:00Z
2026-07-23T16:39:46Z,Will Etsy (ETSY) beat quarterly earnings?,etsy-quarterly-earnings-gaap-eps-07-29-2026-0pt72,0xd85d55793f1d99b82572825176521527f0c7144b9e9a40d25cd597f0c3ebcce1,114166998782260915334092602370986539803225451659614230606339219811430934345995,0.68,0.02,0.045,20.0,100.0,147.0,61.8272,91.9118,59.7843,11.9569,False,2026-07-29T00:00:00Z
2026-07-23T16:39:45Z,"Will Zelenskyy post 60-79 posts from July 24 to July 31, 2026?",zelenskyy-of-tweets-july-24-july-31-2026-60-79,0x1354747480bc0efb6c957cb7dff4b0a8544083525f09fe35333cd6b765218979,91041382520948446693978221011479562217406693892878235571410117560620490237133,0.315,0.01,0.045,20.0,113.0,517.33,179.0644,198.4127,59.396,11.8792,False,2026-07-31T00:00:00Z
2026-07-23T16:39:47Z,Will Moderna (MRNA) beat quarterly earnings?,mrna-quarterly-earnings-gaap-eps-07-31-2026-neg2pt06,0x12dd0955557fbc7aa18fbbb53579783661bbd7443065f421f53429ff60e752cc,24845493100354909927087437557267997090483587280465592259316305102752353969459,0.885,0.05,0.045,20.0,100.0,790.94,54.0721,70.6215,56.636,11.3272,False,2026-07-31T00:00:00Z
2026-07-23T16:39:48Z,Will Robinhood (HOOD) beat quarterly earnings?,hood-quarterly-earnings-gaap-eps-07-29-2026-0pt43,0x00d480ad192a0cf494a9663a8d0fe22578b06ea4702f83acfb79bde049a5cf85,22739831268441182109844740462957171167138202446819419510957484026281255264164,0.895,0.03,0.045,20.0,100.0,453.9,54.8168,69.8324,56.0231,11.2046,False,2026-07-29T00:00:00Z
2026-07-23T16:39:48Z,Will Palantir Technologies (PLTR) beat quarterly earnings?,pltr-quarterly-earnings-nongaap-eps-08-03-2026-0pt35,0xbe142284f909a1fd25c179d594a55927ceef01be55555bbdc218b1708f393a64,92376183847992123031481745713180722670587740157985117422158735369970711469689,0.865,0.05,0.045,20.0,100.0,808.98,58.476,72.2543,55.2697,11.0539,False,2026-08-03T00:00:00Z
2026-07-23T16:39:48Z,"Will Warsh say ""Predecessor"" during July Press Conference?",will-warsh-say-predecessor-during-july-press-conference-20260720204109037,0x8b3ed4019b81e7a595a0aa6dc6f291c395a921f95e51b241acaa083646808550,23467408209738345123475800042979927342851273732974316885012704980802137718369,0.215,0.01,0.045,20.0,100.0,294.82,251.0326,290.6977,53.661,10.7322,False,2026-07-29T00:00:00Z
2026-07-23T16:39:44Z,Will the season series between the Cardinals and 49ers end in a tie during the 2026-27 NFL regular season?,will-the-season-series-between-the-cardinals-and-49ers-end-in-a-tie-during-the-2026-27-nfl-regular-season-20260717194043107,0xdfc4b9aa771a8e817f015e394b9442337eca2227ac09477ba03fdbf47eb22f5f,26195657976241764891968168376198066800642168814223383390690570583309888259797,0.235,0.01,0.045,20.0,136.0,1141.0,408.1824,265.9574,53.6539,10.7308,False,2027-01-12T00:00:00Z
2026-07-23T16:39:47Z,Will JetBlue Airways (JBLU) beat quarterly earnings?,jblu-quarterly-earnings-nongaap-eps-07-28-2026-neg0pt68,0xaf185284cf45118d3b8516b2b999ebaa447ff2ce5ea98b908381cfc7895cba09,74231126253861980776270723567307625246323717952871121822553523978210064638196,0.615,0.01,0.045,20.0,100.0,162.36,89.4815,101.626,53.1774,10.6355,False,2026-07-28T00:00:00Z
2026-07-23T16:39:47Z,Will Astralis Qualify to LAN BLAST Bounty 2026 Season 2?,will-astralis-qualify-to-lan-blast-bounty-2026-season-2-20260716204827669,0xa72360c6e01dde540db34777dd4aa94e079bdc59c99d58c2c15a9d2ca9cab52c,102698635482801054670154448293154618262503298022975026573297938096806892796173,0.425,0.03,0.045,20.0,100.0,633.94,135.2385,147.0588,52.0936,10.4187,False,2026-08-02T00:00:00Z
2026-07-23T16:39:46Z,Will WTI Crude Oil (WTI) hit (HIGH) $105 in July?,will-wti-reach-105-in-july-2026,0x5062a23690144ef266851c95571c63af1f8b06b14607fe859b9d3bc7ed9d2813,9838960425978400607865808829770794750674501095370512526040508081525649286338,0.255,0.024,0.045,100.0,100.0,6303.91,249.4233,245.098,49.5627,9.9125,False,2026-08-01T00:00:00Z
2026-07-23T16:39:48Z,Will News Corp (NWSA) beat quarterly earnings?,nwsa-quarterly-earnings-nongaap-eps-08-04-2026-0pt23,0x2fe042995765a3d3e437c09609b7cf7301f28214f6ec19505304ebf4dc186fda,114514470176631914150760491678049866790151582258171917351383177364271000729347,0.755,0.03,0.045,20.0,100.0,301.98,86.5689,82.7815,48.8818,9.7764,False,2026-08-04T00:00:00Z
2026-07-23T16:39:45Z,Will Google be the #2 AI lab at the end of August 2026?,will-google-be-the-2-ai-lab-at-the-end-of-august-2026-20260720231255333,0xd492b3180fe34cafcb532d0f96e1901a6c0c277cc4cdaf579156878f006c817a,48487677020106014847814808004879894919885141498795542884207716246814293558217,0.265,0.01,0.045,20.0,119.0,530.42,346.0563,235.8491,48.2313,9.6463,False,2026-08-31T00:00:00Z
2026-07-23T16:39:48Z,Will Wingstop (WING) beat quarterly earnings?,wing-quarterly-earnings-gaap-eps-07-29-2026-1pt03,0x364b6da0b6c766eb072c3be8ded36b6fc39e5b8c831346fd2e277d2c1d07714a,21222328325677637324937384119161447188669315582800075481029017178088958783859,0.865,0.03,0.045,20.0,100.0,1017.73,78.9195,72.2543,47.7955,9.5591,False,2026-07-29T00:00:00Z
2026-07-23T16:39:48Z,Will Wynn Resorts (WYNN) beat quarterly earnings?,wynn-quarterly-earnings-nongaap-eps-08-04-2026-1,0x074d3842d1c349d2372f16f9f5169e062c3aaed5ab2e84914914235662247423,88946048217376170336657120676406211359045275645880207996704305244941957285814,0.68,0.02,0.045,20.0,100.0,601.69,103.4674,91.9118,47.0428,9.4086,False,2026-08-04T00:00:00Z
2026-07-23T16:39:45Z,Will Alibaba be the second-best Chinese AI company at the end of August 2026?,will-alibaba-be-the-second-best-chinese-ai-company-at-the-end-of-august-2026-20260720223339923,0xe0b75d062163b9181a885ac13f9d543fa5c49da04b850f7481ab96d6d8a71c95,63986603235019369083415270445124407558830710396738895106100398405900123802107,0.18,0.02,0.045,20.0,102.0,409.87,410.8707,347.2222,46.7181,9.3436,False,2026-08-31T00:00:00Z
2026-07-23T16:39:47Z,Will CoStar (CSGP) beat quarterly earnings?,csgp-quarterly-earnings-gaap-eps-07-28-2026-0pt1,0xb71e441b6853dc1c3e1480b6d772b63cd8a907e706c1b1a4862c3ffa794ac418,50248697664176784547094374420212536585475025697888233579206440875764144645615,0.83,0.04,0.045,20.0,100.0,1284.73,87.5132,75.3012,46.2497,9.2499,False,2026-07-28T00:00:00Z
2026-07-23T16:39:45Z,Will Apple be the largest company in the world by market cap on July 31?,will-apple-be-the-largest-company-in-the-world-by-market-cap-on-july-31-20260624192329843,0x5f0f80c1d904c0348409832375a6d36580f9a552295ae3dba2595adfcea84a97,5823805802875099304203116182652199693089526522530469365767529374822548212673,0.121,0.016,0.045,200.0,107.0,627.27,684.4816,516.5289,46.0184,9.2037,False,2026-07-31T00:00:00Z
2026-07-23T16:39:48Z,Will Hess Midstream (HESM) beat quarterly earnings?,hesm-quarterly-earnings-gaap-eps-08-03-2026-0pt66,0x8aa85d85d4f6dd48ff8de68bf57993f6818039dd09b3f798a3a56f6185963b4d,4431356558124474537392359480518289892104250152722523704530975812210968558336,0.82,0.04,0.045,20.0,100.0,779.86,89.7425,76.2195,45.9259,9.1852,False,2026-08-03T00:00:00Z
2026-07-23T16:39:44Z,Will WTI Crude Oil (WTI) hit (LOW) $85 in July?,will-wti-dip-to-85-in-july-2026,0x574897029f416bf4b0a30b51b2ffcc512f2d5f940557913189cff2205f27c08d,79673320580683918950500912714311684924148513465721036924091753751238032421625,0.41,0.01,0.045,100.0,200.0,3673.67,512.2037,152.439,45.871,9.1742,False,2026-08-01T00:00:00Z
2026-07-23T16:39:43Z,Will the Democrats win the Arizona Secretary of State race in 2026?,will-the-democrats-win-the-arizona-secretary-of-state-race-in-2026-20260722170537383,0xf3f7a7d6389108c07bd327f7cccfc72eb7e59a4e04191f851168ec2e685f3ff2,108232715822062682616712923136606633620512192926833118812006608091111938110439,0.815,0.01,0.045,20.0,236.0,913.81,318.3921,76.6871,45.8089,9.1618,False,2026-11-03T00:00:00Z
2026-07-23T16:39:47Z,Will Carvana (CVNA) beat quarterly earnings?,cvna-quarterly-earnings-gaap-eps-07-29-2026-0pt42,0xd0b8e15ad33909bdab35607e94ec85faa02cf912ce4abe88bcc959eded281708,78657021751355453810712398398664737764738870059491539746094997916556897653331,0.77,0.04,0.045,20.0,100.0,1015.11,104.8549,81.1688,43.6336,8.7267,False,2026-07-29T00:00:00Z
2026-07-23T16:39:47Z,Will Integra Lifesciences (IART) beat quarterly earnings?,iart-quarterly-earnings-nongaap-eps-07-29-2026-0pt48,0x105f7e63b07c079be5e52a3c15ba8ce15022c45b189ea9a54d23c31bd972eb1f,18150975493695232359558019794384083281889095728683283101953737008354767621114,0.82,0.04,0.045,20.0,100.0,813.92,107.6821,76.2195,41.4458,8.2892,False,2026-07-29T00:00:00Z
2026-07-23T16:39:47Z,Will Roku (ROKU) beat quarterly earnings?,roku-quarterly-earnings-gaap-eps-07-30-2026-0pt59,0x6831c486022bb8f632d4fa93ca2017350654904a2a8976a015f5f98244cdfed4,55960587546432546884333565023986706154291124394872933205336839397502542551620,0.88,0.04,0.045,20.0,100.0,1075.62,106.2262,71.0227,40.0695,8.0139,False,2026-07-30T00:00:00Z
2026-07-23T16:39:43Z,Will WTI Crude Oil (WTI) hit (HIGH) $100 in July?,will-wti-reach-100-in-july-2026-928,0x21c77725363b6717538157cf5ce5cf9c69571120870d6def4233257566e07db4,105122145715401868862282894819487928240289369378439043280447797378511530042214,0.437,0.001,0.045,100.0,200.0,3081.25,572.9418,143.0206,39.952,7.9904,False,2026-08-01T00:00:00Z
2026-07-23T16:39:47Z,Will Royal Caribbean (RCL) beat quarterly earnings?,rcl-quarterly-earnings-nongaap-eps-07-28-2026-3pt97,0x8701e9a10812190db05c6f703b4dd3d8d978ac171874c78bb26b2f23d7a38976,59850938941184921312772015321894950470793690799539411789249902810854467671105,0.83,0.04,0.045,20.0,100.0,1547.49,113.4444,75.3012,39.8956,7.9791,False,2026-07-28T00:00:00Z
2026-07-23T16:39:44Z,Will OpenAI have the best AI Agent at the end of August 2026?,will-openai-have-the-best-ai-agent-at-the-end-of-august-2026-20260716210803634,0x29fb35940b754af2146dd6cc2f6eb871b65cf4f7e33a7e606337a2e7b08b19d6,95575110013934636787814784072978035557226342237149014078487716973693172836855,0.215,0.01,0.045,20.0,162.0,774.57,922.9778,290.6977,38.802,7.7604,False,2026-08-31T00:00:00Z
2026-07-23T16:39:47Z,Will Garmin (GRMN) beat quarterly earnings?,grmn-quarterly-earnings-nongaap-eps-07-29-2026-2pt29,0xa8799cc9d0d491c736c76d6906e9cf9cf10913d285bcf50ca834ff4d50753116,20228968780829085793069064290446825692124625240572353566086712769042121737996,0.82,0.04,0.045,20.0,100.0,1933.72,122.0334,76.2195,38.4456,7.6891,False,2026-07-29T00:00:00Z
2026-07-23T16:39:43Z,"Will ""Arirang - BTS"" be the top album for 2026?",will-arirang-bts-be-the-top-spotify-album-for-2026,0xa1a1b646d9271ab9f2be1a6bde48da6e0101374d97209954820b22c4fd55b9ac,112406636028396447091413542437305354356169336227032936833738675025455453843551,0.18,0.02,0.045,20.0,200.0,2217.34,1460.4565,347.2222,38.4164,7.6833,False,2026-12-31T00:00:00Z
2026-07-23T16:39:46Z,Will eBay (EBAY) beat quarterly earnings?,ebay-quarterly-earnings-nongaap-eps-07-29-2026-1pt51,0x550698cb57f581259106ad2934b1eb7fd7bd7f6044f092341773883ebf52f319,114808403278969253844614289743394544243262716817676163268084740721262077437367,0.9,0.04,0.045,20.0,100.0,1290.2,111.9846,69.4444,38.2764,7.6553,False,2026-07-29T00:00:00Z
2026-07-23T16:39:45Z,Will Evan Power be the FL-02 Republican nominee?,will-evan-power-be-the-fl-02-republican-nominee-20260717204308970,0xedc45fbeeace45fcffce1898a36047a06f1124917e9fb65f59fb86162cf79251,41845342730709895049682365567367192852965564268788195829184676318711260219180,0.255,0.01,0.045,20.0,117.0,748.74,504.3363,245.098,38.2642,7.6528,False,2026-08-18T00:00:00Z
2026-07-23T16:39:45Z,"Will Zelenskyy post 80-99 posts from July 24 to July 31, 2026?",zelenskyy-of-tweets-july-24-july-31-2026-80-99,0x9d47422f7f53e000add67064f9e326653426344301685918f80f5adaea5c5a4e,15133941235297396295311763051206557879281162610165954068824408332509583215364,0.305,0.01,0.045,20.0,108.0,855.77,386.3052,204.918,37.4328,7.4866,False,2026-07-31T00:00:00Z
2026-07-23T16:39:48Z,Will PayPal (PYPL) beat quarterly earnings?,pypl-quarterly-earnings-nongaap-eps-07-28-2026-1pt28,0x886e4e085085f3e22e5d187872d974558b5aa8a2b8da97b838891b910328297a,89956908194054282837762594579154108018294636159306812131311838824200177089959,0.875,0.03,0.045,20.0,100.0,1664.51,120.639,71.4286,37.1893,7.4379,False,2026-07-28T00:00:00Z
2026-07-23T16:39:47Z,Will UPS (UPS) beat quarterly earnings?,ups-quarterly-earnings-nongaap-eps-07-28-2026-1pt66,0xf315abadca7a0a77f7c98cb8710dff265d5ba5a6324b4aeda8a0bb7ca9e25363,50777242485040973681083432433932429587465379374294833757153953438620260542607,0.84,0.02,0.045,20.0,100.0,841.78,140.4105,74.4048,34.6366,6.9273,False,2026-07-28T00:00:00Z
2026-07-23T16:39:43Z,Will Keith Gross be the FL-02 Republican nominee?,will-keith-gross-be-the-fl-02-republican-nominee-20260717204308965,0x27c7221e0b3dc8e611df662c4ba88cd9600c6c5b5c231d8fe03c0b06e2fa6c0d,98841144706715439193420298132191411990682625265131692447729396425607937682122,0.525,0.01,0.045,20.0,233.0,1490.95,710.2222,119.0476,33.4488,6.6898,False,2026-08-18T00:00:00Z
2026-07-23T16:39:46Z,Will Woodward (WWD) beat quarterly earnings?,wwd-quarterly-earnings-gaap-eps-07-27-2026-2pt42,0x4e84af80ebdd0c2e658c9b29f7a847289c758117d9d47382f3bfc5fb0df157ff,67841590928808918742535005119422238886849239483851872183101364587244720676696,0.785,0.03,0.045,20.0,100.0,1179.55,158.4178,79.6178,33.4479,6.6896,False,2026-07-27T00:00:00Z
2026-07-23T16:39:48Z,Will Pfizer (PFE) beat quarterly earnings?,pfe-quarterly-earnings-nongaap-eps-08-04-2026-0pt68,0x59ca19f50ef2151b8dfca625afd0a42b94ca577a7b859af300b996c5fdf3107d,52094918833685405177725153129961136545541005837244007755899350653257524847310,0.865,0.03,0.045,20.0,100.0,1065.0,147.8899,72.2543,32.8214,6.5643,False,2026-08-04T00:00:00Z
2026-07-23T16:39:47Z,US announces halt in Iran offensive operations by August 15?,us-announces-halt-in-iran-offensive-operations-by-august-15,0x64e2986a47cc4e152b9ab5010f16d17ddc62035ff113c07544c4d05db08ff083,83216823953612722290299184695395933387697494244874800077980317676203427481668,0.4,0.01,0.035,200.0,100.0,1356.96,321.4286,156.25,32.7103,6.5421,False,2026-08-15T00:00:00Z
2026-07-23T16:39:46Z,Will Anheuser-Busch InBev (BUD) beat quarterly earnings?,bud-quarterly-earnings-nongaap-eps-07-30-2026-1pt14,0x9f3e79906bb30b6a7ce73525a161367f99ad2cbdc8f4dad5087c731a5f2af690,34162130442971127032389465757686109210952692442652695745803501945881926170735,0.825,0.03,0.045,20.0,100.0,753.03,158.1684,75.7576,32.3853,6.4771,False,2026-07-30T00:00:00Z
2026-07-23T16:39:42Z,Will the Fed Pause–Pause–Pause in the next three decisions (Jun–Jul–Sep)?,will-the-fed-pausepausepause-in-the-next-three-decisions-junjulsep,0xd17e44ec063959238b3e4587475977a584618f7e18892d7b13b47051dbaa9a35,32301123322534888580370968664732988978439792579405897302876890222142550059194,0.375,0.01,0.045,200.0,485.0,9978.23,2393.8226,166.6667,31.5695,6.3139,False,2026-09-16T00:00:00Z
2026-07-23T16:39:46Z,Israel military action against Greater Beirut by July 31?,israel-military-action-against-greater-beirut-by-july-31-20260708204650550,0x6d7888e365d3be466b19866a52e792dbf25e20444b77857725d4ee00681e7939,91147475516356519869452760669340075868535710937337884030927628177340527308220,0.1,0.01,0.045,200.0,100.0,1060.26,1377.2404,625.0,31.215,6.243,False,2026-07-31T00:00:00Z
2026-07-23T16:39:48Z,Will Boeing (BA) beat quarterly earnings?,ba-quarterly-earnings-nongaap-eps-07-28-2026-neg0pt32,0x9073468de3e2675f39232dfa39ec131ccb5d181807ce1c56432ebb8c2843100f,80503180046325685725876592265421784486949177889789622133654586608069616961393,0.69,0.02,0.045,20.0,100.0,1075.5,201.6074,90.5797,31.0006,6.2001,False,2026-07-28T00:00:00Z
2026-07-23T16:39:47Z,Will Hilton (HLT) beat quarterly earnings?,hlt-quarterly-earnings-nongaap-eps-07-28-2026-2pt25,0x619d7bfd2a712815069f0c8972149287a6f6fdfe21020d11e721ccd6bf4c3b4f,87258738867695841508866906417385379507367201773880440342139276110086886190643,0.88,0.02,0.045,20.0,100.0,1592.99,165.1667,71.0227,30.0702,6.014,False,2026-07-28T00:00:00Z
2026-07-23T16:39:42Z,Will LeBron James play for the Miami Heat in 2026-27?,will-lebron-james-play-for-the-miami-heat-in-2026-27,0x0ff22cf1f7f86a8f6a1f46ebff9afc02d2f2f8be82ed1655a079fd2f8b8d450e,62429084067171308316390058541012087925567325563248051217584518806867987132248,0.4595,0.003,0.045,200.0,1354.0,26650.8,6342.7772,136.0174,28.4262,5.6852,False,2026-10-31T00:00:00Z
2026-07-23T16:39:43Z,US x Iran Effective Ceasefire by July 31?,us-x-iran-effective-ceasfire-by-july-31-20260715194822045,0x5a9395dae6c7643ea06e7a555580a5526e81073aea9c9306363529c5b76a8f8b,95577979648711137561778638101766617213130581085760544385254830392377913395624,0.175,0.01,0.035,200.0,300.0,7761.9,3438.5722,357.1429,28.2273,5.6455,False,2026-07-31T00:00:00Z
2026-07-23T16:39:43Z,Iran full airspace closure by July 31?,iran-full-airspace-closure-by-july-31-20260625195254150-838,0x3953c85ab5e965cb5b3b4deaa2a5294daa6b1165ff83b586804c04a7abf51a13,63808062715546895733626511170499399566995906189739805177191005369034802585003,0.39,0.02,0.045,200.0,300.0,4777.9,1569.0281,160.2564,27.8016,5.5603,False,2026-07-31T00:00:00Z
2026-07-23T16:39:47Z,Will Exxon Mobil (XOM) beat quarterly earnings?,xom-quarterly-earnings-nongaap-eps-07-31-2026-3pt66,0x4f47cfcf38650017dfcbf87a05776eb9692bdfab37d8bd8bcdba8733c7eb0fcd,53783878565624999625361192291566980746000920280567923290588300254727142673149,0.825,0.03,0.045,20.0,100.0,1360.46,197.284,75.7576,27.7458,5.5492,False,2026-07-31T00:00:00Z
2026-07-23T16:39:47Z,Will BGC Partners (BGC) beat quarterly earnings?,bgc-quarterly-earnings-nongaap-eps-07-30-2026-0pt34,0x2fee4280b26603f4941bd55c322c95b506be89d091af37b0f2ab8e160ad7f1b1,25168325707953472251938704957886932380111326177033133218971963566521835674208,0.745,0.03,0.045,20.0,100.0,1286.43,228.5343,83.8926,26.8519,5.3704,False,2026-07-30T00:00:00Z
2026-07-23T16:39:47Z,"Will OpenAI launch a new consumer hardware product by October 31, 2026?",will-openai-launch-a-new-consumer-hardware-product-by-october-31-2026,0xf1fa8b7530ceec866131fbc6681209e39d6b448bdca563b46d936cc792e6cf7a,80200285462798255511528092965117324052906426974497880890509227715056059741986,0.245,0.01,0.045,20.0,100.0,968.58,717.4894,255.102,26.2291,5.2458,False,2026-12-31T00:00:00Z
2026-07-23T16:39:45Z,Will LeBron's next contract average $4M-$10M per year?,will-lebrons-next-contract-average-4m-9pt999m-per-year-20260630183002760,0x07ddffe2fb5a005e6bc83feeafb7c731e3a508a3cef124fe31105a32448793f5,95701651663088691402818751032218380597985078030128302543325748311229197060920,0.5825,0.002,0.045,50.0,117.0,1544.21,402.0559,107.2961,24.6463,4.9293,False,2026-10-31T00:00:00Z
2026-07-23T16:39:43Z,Iran charges Hormuz fees by August 31?,iran-charges-hormuz-fees-by-august-31-20260625175039062-177,0xceb73b756d1dffbb60452a86efbca93efea9453a6f5078b2c8fd49dda3f5ccee,9225500616646857630124704690284065786811292595510371759719805962740870955812,0.375,0.01,0.045,200.0,200.0,5954.43,1187.917,166.6667,24.6078,4.9216,False,2026-08-31T00:00:00Z
2026-07-23T16:39:47Z,Will Electronic Arts (EA) beat quarterly earnings?,ea-quarterly-earnings-gaap-eps-07-29-2026-0pt8,0x151d05bdd2378f36aeb2977402088824d5999a1c333a37182dcba7929004c3b6,77095256789410685280347523451561419598560359080560538565359756995636597969394,0.825,0.03,0.045,20.0,100.0,1485.75,232.9319,75.7576,24.5417,4.9083,False,2026-07-29T00:00:00Z
2026-07-23T16:39:48Z,Will Humana (HUM) beat quarterly earnings?,hum-quarterly-earnings-nongaap-eps-07-29-2026-7,0xdc4eaee1d80f2b50f30d35f6e8209e2e47dc283de1e77980f399cc206dcb019e,102542963748383880027429559104924711354092247762598916888172643195743373345727,0.885,0.01,0.045,20.0,100.0,2269.95,217.9322,70.6215,24.4743,4.8949,False,2026-07-29T00:00:00Z
2026-07-23T16:39:47Z,Will NXP Semiconductors (NXPI) beat quarterly earnings?,nxpi-quarterly-earnings-nongaap-eps-07-28-2026-3pt53,0x70676300a6fffc684d86850f30c8c34a64557f86c1f3fb377568bacb73585ff4,47489265837480020834645762981560607555412366731132959888221134744634410925132,0.82,0.01,0.045,20.0,100.0,1362.22,241.5063,76.2195,23.9891,4.7978,False,2026-07-28T00:00:00Z
2026-07-23T16:39:48Z,"Will Warsh say ""Supply shock"" during July Press Conference?",will-warsh-say-supply-shock-during-july-press-conference-20260720204109035,0x92055a549a532128fa941e098aca8036dd22d5c780fb9ace91e2bdd53240307b,91415693057562663903010645647905000559493583970481817466539293524039931980273,0.635,0.01,0.045,20.0,100.0,909.25,326.2677,98.4252,23.1756,4.6351,False,2026-07-29T00:00:00Z
2026-07-23T16:39:47Z,Will Qualcomm (QCOM) beat quarterly earnings?,qcom-quarterly-earnings-nongaap-eps-07-29-2026-2pt23,0xe13b3b5087385775af2dbacd02af3386acb815b6c8a9d09bc013f158a172ba0a,42947838276126727290208332629655596452086291165113456841995322364626664540967,0.865,0.03,0.045,20.0,100.0,1490.01,239.5437,72.2543,23.1734,4.6347,False,2026-07-29T00:00:00Z
2026-07-23T16:39:47Z,Iran full airspace closure by August 15?,iran-full-airspace-closure-by-august-15,0xbf08ec6654ade883d96f3e25a5330ccf4aae0d8e9efa690c694305e95738e8a1,84812381466348372343010093926811364509998129875920797623158251015181621523164,0.51,0.01,0.045,20.0,100.0,1473.63,414.0874,122.549,22.8365,4.5673,False,2026-08-15T00:00:00Z
2026-07-23T16:39:47Z,Will Tradeweb Markets (TW) beat quarterly earnings?,tw-quarterly-earnings-nongaap-eps-07-30-2026-0pt95,0xde907f4e220e9c71e31f83bbbfa2f68de9d4667299dec886e07fe9c7756a77ba,32672876209706117666160509833421727241983437598103458663507252747719583940419,0.805,0.01,0.045,20.0,100.0,596.05,275.4607,77.6398,21.988,4.3976,False,2026-07-30T00:00:00Z
2026-07-23T16:39:46Z,Will Navitas Semiconductor (NVTS) beat quarterly earnings?,nvts-quarterly-earnings-nongaap-eps-07-27-2026-neg0pt04,0xa9397ae270be6e9dec1cdd1d89b3e122b2a60647271261cda138bced069f7d9d,108700366304173541004814974448667389022622716981485366414851387002722499200288,0.625,0.01,0.045,20.0,100.0,973.09,381.1852,100.0,20.782,4.1564,False,2026-07-27T00:00:00Z
2026-07-23T16:39:48Z,Will FTI Consulting (FCN) beat quarterly earnings?,fcn-quarterly-earnings-gaap-eps-07-30-2026-2pt09,0x0840dcf24244ae85eb5a9813e10a9bf53030dbaea87d32c54f5536a8864f81e9,111420278443572025976628439884553492809831794615440177888275273775462348644028,0.66,0.02,0.045,20.0,100.0,1933.3,367.6016,94.697,20.4839,4.0968,False,2026-07-30T00:00:00Z
2026-07-23T16:39:44Z,"Will no qualifying diplomatic US-Iran meeting occur by September 30, 2026?",will-no-qualifying-diplomatic-us-iran-meeting-occur-by-september-30-2026-20260622185050763,0xc4ebab9f2830f6df67ab1b98615d5a9be8eebd106fd0f37e9a25e4a4edcc427c,10618696958805388450273982806566275602086720395274264354492776873006123003601,0.266,0.002,0.045,50.0,183.0,3078.37,1876.5728,234.9624,20.3634,4.0727,False,2026-09-30T00:00:00Z
2026-07-23T16:39:47Z,Israel x Iran ceasefire continues through August 15?,israel-x-iran-ceasefire-continues-through-august-15-20260716224448969-246-815-987,0x6acdc3316f0b43ca4fbc13623fc018e30f2fd20ae7b93bdc07c8193e99b0ac4d,77550960228341204288120509394963885549177211314903311399404330431381651171385,0.41,0.02,0.025,200.0,100.0,4315.2,602.6584,152.439,20.188,4.0376,False,2026-08-15T00:00:00Z
2026-07-23T16:39:44Z,Fed Rate Hike by September 2026 Meeting?,fed-rate-hike-by-september-2026-meeting,0x73d8a8208d23a74937d114a713d6a56cd4161a1068056c52ac74c8419c99da7c,85779851379341776458330036851548114381176093953202542863538086591922931585951,0.605,0.02,0.045,200.0,150.0,4930.79,673.1358,103.3058,19.9575,3.9915,False,2026-12-09T00:00:00Z
2026-07-23T16:39:44Z,US announces halt in Iran offensive operations by July 31?,will-the-us-announce-an-iran-ceasefire-by-july-31-20260718000915875,0xba34d786cd7bfbd719aa77c705f27969aba84d6649dca9adb365aad8c255db7a,3109457852846752249033108874039158826560100606171171798422919230059617165695,0.245,0.01,0.045,200.0,200.0,5007.98,2306.4553,255.102,19.9177,3.9835,False,2026-08-31T00:00:00Z
2026-07-23T16:39:47Z,Will SoFi (SOFI) beat quarterly earnings?,sofi-quarterly-earnings-gaap-eps-07-29-2026-0pt11,0xf5e41999c536ba01d79d9b36fadc8b4beeb5735ac2bd57dfb041145e0d709033,4352866094860712365107253535852468758389107471609113377848890701035449507035,0.77,0.02,0.045,20.0,100.0,2315.52,335.0687,81.1688,19.5006,3.9001,False,2026-07-29T00:00:00Z
2026-07-23T16:39:46Z,"Will the next diplomatic US-Iran meeting be in Qatar by September 30, 2026?",will-the-next-diplomatic-us-iran-meeting-be-in-qatar-by-september-30-2026-20260622185050767,0x03c583dd10a5df0d57fd8b32452554da9bbb0dd212fe0e259e8561db3b4f9153,1465004187879250935275955729729298641755522437620780616285443313153147473640,0.165,0.01,0.045,50.0,100.0,2836.68,1623.717,378.7879,18.9157,3.7831,False,2026-09-30T00:00:00Z
2026-07-23T16:39:47Z,Will Invesco (IVZ) beat quarterly earnings?,ivz-quarterly-earnings-nongaap-eps-07-28-2026-0pt66,0x82ec63891a948896db5b07aa8c9a69e3be4dea6aadff8cbffd0235de64add22a,62461378262286608688444816921000052760381970285811405804564116007620727661432,0.81,0.02,0.045,20.0,100.0,2191.74,340.8828,77.1605,18.4575,3.6915,False,2026-07-28T00:00:00Z
2026-07-23T16:39:43Z,Iran full airspace closure by August 31?,iran-full-airspace-closure-by-august-31-20260625195254151-668,0xbad91c213787a7542345b8abd72a1d55754987c47ba82ef5d4aa625ac046f024,5999744809251301706347643347936329832844892022892714657139343310900542354250,0.565,0.01,0.045,20.0,200.0,4068.65,1106.7052,110.6195,18.1742,3.6348,False,2026-08-31T00:00:00Z
2026-07-23T16:39:44Z,"US announces end of Iranian blockade by July 31, 2026?",us-announces-end-of-iranian-blockade-by-july-31-2026-20260713152715082-212,0x8b0e301fc552e953579c625ce9adb7409d1852d5bf4879efee849decc1c9dc91,89891528752153609486101967580874619555953075413918489307579877777969507175147,0.13,0.02,0.035,200.0,200.0,6270.16,4848.5506,480.7692,18.0424,3.6085,False,2026-07-31T00:00:00Z
2026-07-23T16:39:45Z,US-Iran 60 day negotiation period extended?,us-iran-60-day-negotiation-period-extended-20260624044855448,0x518df6d694ad4658fe6c284850c029c6f00c9b3609cf05f7757d1fecba1641f8,93838758485682196196905291300375162467135643283271312557929851459086376825083,0.51,0.01,0.045,200.0,100.0,2208.48,556.7598,122.549,18.0403,3.6081,False,2026-08-20T00:00:00Z
2026-07-23T16:39:43Z,US x Iran Effective Ceasefire by August 31?,us-x-iran-effective-ceasfire-by-august-31-20260715194822047,0x61c2b9e70f7fdf3441fd1cfa2c8fa93308fefe3f5ecc2db87c393efab3a207a3,71362371729199006098022300209907327715487157091100600861193647274302527146623,0.495,0.01,0.035,200.0,300.0,25315.33,1995.9932,126.2626,17.8484,3.5697,False,2026-08-31T00:00:00Z
2026-07-23T16:39:44Z,Will Dee Valladares win Big Brother season 28?,will-dee-valladares-win-big-brother-season-28-20260712230326323,0x263302721d85473bf5df08659444363e8a95dbaa63fda11435b2d5c674c49e1e,60297022771468929928611714271172877412498438227247631047407809426306440990592,0.165,0.01,0.045,50.0,171.0,3041.34,3418.2499,378.7879,17.0588,3.4118,False,2026-10-01T00:00:00Z
2026-07-23T16:39:46Z,Will WTI Crude Oil (WTI) hit (HIGH) $95 in July?,will-wti-reach-95-in-july-2026,0x7d352ec1d718dd1f2d2fdb93d65fd3908cf34755d1aa45a8697a84d2b5ae1e8e,55689044028128278672494108251217443782536678376777545334307559186551480418539,0.7325,0.001,0.045,100.0,100.0,4336.13,421.4794,85.3242,16.8358,3.3672,False,2026-08-01T00:00:00Z
2026-07-23T16:39:48Z,Will Intercontinental Exchange (ICE) beat quarterly earnings?,ice-quarterly-earnings-nongaap-eps-07-30-2026-1pt84,0x52f96f0d385691c1534d86c7fbad89abd4358da382624b79882279a4ec3eaa20,18594488761307965822940232355958101478932158817678061552332954487634700387996,0.835,0.01,0.045,20.0,100.0,1285.45,370.6681,74.8503,16.8007,3.3601,False,2026-07-30T00:00:00Z
2026-07-23T16:39:43Z,Will Netflix win the most Emmys?,will-netflix-win-the-most-emmys-20260710203956418,0xff1fa373786ec8024eaec2b2c3f051e72a9ea889d3c8306df9ac107949d5aeaf,95570753253653445445798305019286224239748447748701301933953976965784831279050,0.415,0.01,0.045,20.0,220.0,6476.44,1825.7822,150.6024,16.7642,3.3528,False,2026-09-14T00:00:00Z
2026-07-23T16:39:44Z,"Will CZ post 0-19 posts from July 24 to July 31, 2026?",cz-binance-of-tweets-july-24-july-31-2026-0-19,0xb67a33d9f0bc4840aec0f6f33e845755a258aad41929ff0d57abd6201f293b70,77061822963962950745715879816067566897722063955327119805521644767920182187761,0.485,0.01,0.045,20.0,152.0,3875.47,1071.1975,128.866,16.3222,3.2644,False,2026-07-31T00:00:00Z
2026-07-23T16:39:48Z,Will Ford (F) beat quarterly earnings?,f-quarterly-earnings-nongaap-eps-07-28-2026-0pt35,0xdbcc8b389165b2de94773f6074acba1ac689e2b585ea75dc2ae0980941036900,103514548315018789028555340184502719254285911244223111567516125320021008141569,0.77,0.02,0.045,20.0,100.0,2119.12,419.0889,81.1688,16.2254,3.2451,False,2026-07-28T00:00:00Z
2026-07-23T16:39:44Z,"Will CZ post 20-39 posts from July 24 to July 31, 2026?",cz-binance-of-tweets-july-24-july-31-2026-20-39,0x006a31affad64b6c5fc8ed9ce8f0d32424aedd4e322bfb2efd0d81c1828b0aaa,26751981631441599527159126288183335086085378048808647659225106904313462707618,0.475,0.01,0.045,20.0,148.0,2894.14,1069.1531,131.5789,16.2182,3.2436,False,2026-07-31T00:00:00Z
2026-07-23T16:39:44Z,"Will the next diplomatic US-Iran meeting be in Switzerland by September 30, 2026?",will-the-next-diplomatic-us-iran-meeting-be-in-switzerland-by-september-30-2026-20260622185050768,0xc65b037d40fd0d6783588e44ef94f712853e8b63186cda1f2213e529752f5cc4,37361300921998084721016986683222160289313595253709044324613501742470698981971,0.225,0.01,0.045,50.0,150.0,6334.45,2313.6097,277.7778,16.0789,3.2158,False,2026-09-30T00:00:00Z
2026-07-23T16:39:44Z,Will HBO Max win the most Emmys?,will-hbo-max-win-the-most-emmys-20260710203956417,0xa425a9988c6d6f6991cbfeb7d3d23596febbc4b8e538cd8232e80a7582b40d69,61683243484015856487057310530037071038595936968261049339990683795803958839030,0.365,0.01,0.045,20.0,191.0,4790.1,1868.1442,171.2329,16.037,3.2074,False,2026-09-14T00:00:00Z
2026-07-23T16:39:44Z,US announces halt in Iran offensive operations by August 31?,will-the-us-announce-an-iran-ceasefire-by-august-31-20260718000915876-168,0x5e0190c0160f075a95fd5034b1d97d2245ef0c1ccb725fcbbadfc54db2ac8028,49952690042474298096697107838501147620642888076204079490031529723234270830286,0.615,0.01,0.045,50.0,200.0,7264.6,1173.7506,101.626,15.9366,3.1873,False,2026-08-31T00:00:00Z
2026-07-23T16:39:46Z,"Will 30 ships transit the Strait of Hormuz on any day by July 31, 2026?",will-30-ships-transit-the-strait-of-hormuz-on-any-day-by-july-31-2026,0x6c58bfcdfd03d3aeb4f973dfe8b70f88d8e9bd630a421222682efb2cc0f05fb0,32651963048240301134331200062693811911451239248333881718202960761154439715764,0.121,0.001,0.045,200.0,100.0,1459.9,2728.0101,516.5289,15.9199,3.184,False,2026-07-31T00:00:00Z
2026-07-23T16:39:42Z,Will the Fed increase interest rates by 25 bps after the July 2026 meeting?,will-the-fed-increase-interest-rates-by-25-bps-after-the-july-2026-meeting,0xb5c0abeecb5502e6e8d83155c27819174d8317af3c425c3afc5a8c45257a3793,10547381015916960267379463101229159185405356924982461726471550099674011526491,0.248,0.001,0.045,200.0,1250.0,43253.09,19749.1792,252.0161,15.7501,3.15,False,2026-07-29T00:00:00Z
2026-07-23T16:39:45Z,Will SpaceX Starship Flight Test 13 Superheavy explode?,will-spacex-starship-flight-test-13-superheavy-pop,0x143cc115011576666f7104939ff59cf0638ac4bca64d1c6b3b5dbed16c282e95,24815439213700826059294795764292218059023720923117873770678169709153952032691,0.775,0.01,0.045,100.0,100.0,8737.88,433.1373,80.6452,15.6964,3.1393,False,2026-12-31T00:00:00Z
2026-07-23T16:39:45Z,Will NVIDIA be the largest company in the world by market cap on December 31?,will-nvidia-be-the-largest-company-in-the-world-by-market-cap-on-december-31-244,0x684e5b72d4e407695397a79ed75ef37273c2655ca2548791a4153233d3744696,11876606915924142133615854761923277060697657209957870741155164849437788272266,0.65,0.02,0.045,200.0,118.0,10613.58,646.8706,96.1538,15.2702,3.054,False,2026-12-31T00:00:00Z
2026-07-23T16:39:42Z,Will LeBron James play for the Cleveland Cavaliers in 2026-27?,will-lebron-james-play-for-the-cleveland-cavaliers-in-2026-27,0xa4402219045f0fe392ea08a92d6f50b89419976d484aba5592d19bb65ea7b5c6,67044318499994712064109988308237618254832029882233414790755517483383764496170,0.2455,0.001,0.045,200.0,667.0,11312.74,10942.9902,254.5825,15.1646,3.0329,False,2026-10-31T00:00:00Z
2026-07-23T16:39:43Z,Will the Fed decide differently in the next three decisions (Apr–Jun–Jul)?,will-the-fed-decide-differently-in-the-next-three-decisions-aprjunjul,0x7618e80c410d107b9929455007e4ccf649630ac6aec6a76ebcd04ae9946dd514,102451827870754857819917363477059455981807381920683022472701345996332142120457,0.263,0.01,0.045,50.0,250.0,5661.06,3789.0033,237.6426,14.7544,2.9509,False,2026-07-29T00:00:00Z
2026-07-23T16:39:45Z,Will Paper Rex Win VCT Pacific Stage 2 2026?,will-paper-rex-win-vct-pacific-stage-2-2026-20260714211941980,0xa05dab0066c271727fbc2a4ae29af5041d5a05ca1cde4e2808181f64ecaf7c56,106563193360469626479618520415982805644948247102322534183702695415038961594389,0.325,0.01,0.045,20.0,118.0,2939.88,1381.4966,192.3077,14.4188,2.8838,False,
2026-07-23T16:39:47Z,Will Piper Sandler (PIPR) beat quarterly earnings?,pipr-quarterly-earnings-nongaap-eps-07-30-2026-0pt88,0xc53d70ed00f31f927a8f577671c5dc3d7aeacef646cb8763365cdbd0c02a4d86,104982240341902608954894658256694964852195848239392709140612818666210942615488,0.835,0.01,0.045,20.0,100.0,3260.57,449.241,74.8503,14.2819,2.8564,False,2026-07-30T00:00:00Z
2026-07-23T16:39:43Z,Will LeBron James play for the Golden State Warriors in 2026-27?,will-lebron-james-play-for-the-golden-state-warriors-in-2026-27,0xaf12bd1a9ec448b428e5879f180b9b05d17cdf6a6af3c20d8a4b7327ca6bfd37,53318090283597351227821817715895354369488632688451622367962782212055936598914,0.1605,0.001,0.045,200.0,382.0,9552.0,10060.808,389.4081,14.2345,2.8469,False,2026-10-31T00:00:00Z
2026-07-23T16:39:44Z,"Will ""I Will Find You: Limited Series"" be the #2 global Netflix show this week?",will-i-will-find-you-limited-series-be-the-2-global-netflix-show-this-week-20260722150935034,0x7f93181b014277dc6be11d85f95bc83b496352dd0c32a45abff9bbf9e7382524,20444888941741830105161767101950437924524209357119262989641531209150339962337,0.835,0.01,0.045,20.0,129.0,3694.04,637.7867,74.8503,13.5492,2.7098,False,2026-07-28T00:00:00Z
2026-07-23T16:39:46Z,Will Waystar (WAY) beat quarterly earnings?,way-quarterly-earnings-nongaap-eps-07-29-2026-0pt4,0xaf07f668593362c55d734ec94a80b415bc12015b92cb03c4b8c5e571e018da2e,107670680528588526231821106619812044017706635293462012309563701944388791829208,0.885,0.01,0.045,20.0,100.0,3022.89,458.0049,70.6215,13.3594,2.6719,False,2026-07-29T00:00:00Z
2026-07-23T16:39:43Z,Will Moonshot be the second-best Chinese AI company at the end of August 2026?,will-moonshot-be-the-second-best-chinese-ai-company-at-the-end-of-august-2026-20260720223339924,0x651cc6fb1d22cbaacb30a38d74621f2588b187d6b023f91f38cb94e13804fe41,105873424804735071587860648871762364447744958795755870015502452617775284791840,0.595,0.01,0.045,20.0,274.0,6077.44,2070.8854,105.042,13.2272,2.6454,False,2026-08-31T00:00:00Z
2026-07-23T16:39:43Z,Will CXMT’s closing IPO market cap be at least 2.5T yuan?,will-cxmts-closing-ipo-market-cap-be-above-2pt5t-cny-20260722211138917,0x79ebbfdbf24864ae608fde27946d71f37c92a5ca7d39b939835b66c8c8d4ae87,96530987490324602630832074826619767231529754872556219426862940819275433458620,0.755,0.01,0.045,20.0,400.0,10121.61,2444.1284,82.7815,13.104,2.6208,False,2026-12-31T00:00:00Z
2026-07-23T16:39:45Z,Will Alibaba have the best Chinese AI model at the end of July 2026?,will-alibaba-have-the-best-chinese-ai-model-at-the-end-of-july-2026,0xc77337b8412059d0a17bb75ea0de2d398bf756464c76161582b22afe4777e3cc,97684851245837777190207368882283121398187673853904169785076167369362546064342,0.8345,0.009,0.045,50.0,104.0,2999.72,524.0595,74.8951,13.0045,2.6009,False,2026-07-31T00:00:00Z
2026-07-23T16:39:47Z,Israel closes its airspace by August 15?,israel-closes-its-airspace-by-august-15,0xdbaa19c72378f7eb2fc01c0b40404857a1b1e68e3561ce5bbe792a24ce79377e,57183668547172424432356612075515208667422020948179508683908566129801961332276,0.395,0.01,0.045,50.0,100.0,3610.75,1069.1427,158.2278,12.8916,2.5783,False,2026-08-15T00:00:00Z
2026-07-23T16:39:43Z,Will the Fed decide differently in the next three decisions (Jul–Sep–Oct)?,will-the-fed-decide-differently-in-the-next-three-decisions-julsepoct-20260617191211945,0xd32ac3b2db228eb03d6385b5f0747b7013e0ff717a20e63c75fc74824b91d6b2,59159484144436184782558504637743800790439947103571922624781553035427480556855,0.715,0.01,0.045,50.0,261.0,26814.47,1752.7378,87.4126,12.3983,2.4797,False,2026-10-28T00:00:00Z
2026-07-23T16:39:44Z,Bab el-Mandeb Strait effectively closed by August 31?,bab-el-mandeb-strait-effectively-closed-by-august-31,0x31327c6fbdc70a44d97f8e8973f536b6a748e01b4c0ca5549ed0910c703b1d7b,30774565298935121666763850272423963284589055313497974568971929195252437852383,0.185,0.01,0.045,200.0,150.0,5447.09,3949.5965,337.8378,11.8196,2.3639,False,2026-08-31T00:00:00Z
2026-07-23T16:39:45Z,"Will Anthropic IPO by October 31, 2026?",will-anthropic-ipo-by-october-31-2026,0x8062cf78d93f9202f4c0a1018d141f4af35d486a368f07e65265f27d48b4e040,35480485928147694422522317298160081194603766865102488154902775756915955129166,0.43,0.01,0.055,50.0,100.0,4267.76,1090.7118,145.3488,11.759,2.3518,False,2027-07-01T00:00:00Z
2026-07-23T16:39:43Z,Will the Fed Pause–Pause–Pause in the next three decisions (Jul–Sep–Oct)?,will-the-fed-pausepausepause-in-the-next-three-decisions-julsepoct-20260617191211941,0x372ab700cf01a9411d79dbfe13bf952c29f3be870d498313510f6c2aec360b13,95176872280225092653308021190522739699023212407615524419954698258619998809831,0.255,0.01,0.045,50.0,239.0,7566.75,4769.5086,245.098,11.6816,2.3363,False,2026-10-28T00:00:00Z
2026-07-23T16:39:44Z,Will the Fed increase interest rates by 25 bps after the October 2026 meeting?,will-the-fed-increase-interest-rates-by-25-bps-after-the-october-2026-meeting-20260617190324032,0x12aa13b3da17ceae1b0a59b5d5b77121e91bb79b4bb0b52bf6543ed3f8d0953b,55159722761418013044126414276680602270318000841690689684819994448621694923050,0.315,0.01,0.045,50.0,193.0,16637.13,3103.0978,198.4127,11.5988,2.3198,False,2026-10-28T00:00:00Z
2026-07-23T16:39:45Z,Will Kawhi play for the Toronto Raptors in 2026-27?,will-kawhi-play-for-the-toronto-raptors-in-2026-27-20260629144043516,0xd21dca86e59db34a32fac231897aded451dce6e1307baf15ca9502b29b3d9b07,71442248608680775392175387904764925142154791124955324705502495372378633558564,0.7865,0.001,0.045,50.0,110.0,3219.76,693.6668,79.466,11.3063,2.2613,False,2026-10-31T00:00:00Z
2026-07-23T16:39:45Z,Will Max Verstappen retire from F1 in 2026?,will-max-verstappen-retire-from-f1-in-2026,0x679befe49e2c8f3d827e0633abd0c9f12a5c664ab8c3d3226d3fa41693c9bde0,20925718724115082302959076018245762586614383149875351496214203972061333675392,0.1035,0.001,0.045,200.0,100.0,3201.59,4880.4138,603.8647,11.0108,2.2022,False,2027-01-01T00:00:00Z
2026-07-23T16:39:44Z,"US x Iran diplomatic meeting by August 31, 2026?",us-x-iran-diplomatic-meeting-by-august-31-2026-2,0xbdc0827c873d1c3c538e549ab94c77829f7e40fd3376b25164c0279f744a87bc,12185556481340489379773654389350032355704902537483278634717505718103733768215,0.39,0.02,0.045,200.0,200.0,9329.6,2981.0089,160.2564,10.2033,2.0407,False,2026-08-31T00:00:00Z
2026-07-23T16:39:45Z,Will Mohamed Salah join Al-Ittihad?,will-mohamed-salah-join-al-ittihad-20260612232105703,0xa02e124deee66a7ea3154166b3946110104f2ade8a12472ed2e17a2bf369e171,79928003322697636973099055529798700923335523422045103684060307687955592328219,0.129,0.002,0.045,50.0,123.0,2456.69,5688.5196,484.4961,9.6538,1.9308,False,2026-09-02T00:00:00Z
2026-07-23T16:39:44Z,Fed Rate Hike by October 2026 Meeting?,fed-rate-hike-by-october-2026-meeting,0x059db22dae2d735516017d47d1def0ea43e5d7221259c3aaa60c090d32566d4e,55971470416346250683160735704399570247011109335331406752116975462530324793173,0.68,0.01,0.045,200.0,150.0,9168.26,1359.5973,91.9118,9.4982,1.8996,False,2026-12-09T00:00:00Z
2026-07-23T16:39:47Z,Will Microsoft (MSFT) beat quarterly earnings?,msft-quarterly-earnings-gaap-eps-07-29-2026-4pt21,0xa7a5a986a14d3c5b47b9892c6aefc48a85ff3e8e02d999ff7dd015f735ad38d8,85821779505522870047888221552227781256070651005302999233716122904593090029945,0.9,0.02,0.045,20.0,100.0,4137.4,682.9737,69.4444,9.2295,1.8459,False,2026-07-29T00:00:00Z
2026-07-23T16:39:45Z,"Will Anthropic IPO by December 31, 2026?",will-anthropic-ipo-by-december-31-2026-546-128,0xb40b0cd531184a1e436d23ca898e1590418187b116f387158753d1adb9853e47,48566046548914168443252668519852295704538578584318207505303160546351275413281,0.69,0.01,0.055,200.0,100.0,10904.73,914.1298,90.5797,9.0155,1.8031,False,2027-07-01T00:00:00Z
2026-07-23T16:39:44Z,US x Iran Effective Ceasefire by August 14?,us-x-iran-effective-ceasfire-by-august-14-20260715194822046,0x833f0bac240ad7d5c947d58a8acac0f77a74cf03dccd8f9b72a28811836a920f,60736604095974956194543682313156464544142668961532964567135396949190081432607,0.335,0.01,0.045,200.0,200.0,9712.17,3960.0716,186.5672,8.9985,1.7997,False,2026-08-14T00:00:00Z
2026-07-23T16:39:45Z,Will Ralph Norman be the new Republican nominee for Senate in South Carolina?,will-ralph-norman-be-the-new-republican-nominee-for-senate-in-south-carolina-20260712140628829,0x70831611831c0792bfb971d613ec2db2e06d59a234967b45f8302b3671b515cd,14799932607442525627225514618462923360248433598710726028833565572008974138659,0.205,0.01,0.045,50.0,109.0,5008.12,3657.1299,304.878,8.3876,1.6775,False,2026-08-11T00:00:00Z
2026-07-23T16:39:43Z,"US-Iran Final Nuclear Deal by September 30, 2026?",us-iran-final-nuclear-deal-by-september-30-2026,0x23667427b34ca1c7144d50540beba9e7ffb608443a84252c194bb8b40919a0cb,14466055037608627931561046129222135087821973151712155655664112537759623167836,0.135,0.01,0.045,200.0,200.0,15420.61,10693.3343,462.963,8.2996,1.6599,False,2026-09-30T00:00:00Z
2026-07-23T16:39:43Z,Will Anthropic have the best AI Agent at the end of August 2026?,will-anthropic-have-the-best-ai-agent-at-the-end-of-august-2026-20260716210246315,0x2931a52eaf2d323073b166fae73ef963c949328ef7a3640431c91cb86630f0af,98046144602776961881008548674813580303802948955629426528938286050419709851991,0.695,0.01,0.045,20.0,238.0,7069.46,2492.2553,89.9281,8.2887,1.6577,False,2026-08-31T00:00:00Z
2026-07-23T16:39:46Z,Will the US announce withdrawal from MOU negotiations by August 31?,will-the-us-announce-withdrawal-from-mou-negotiations-by-august-31-286,0x915dd9e35a242624df721871c609d23b74242a766b86bd70496afd23c99e7f98,96851982316864441012765715893812831329802013339937303857390603808636751753379,0.24,0.02,0.045,100.0,100.0,4669.21,3013.2557,260.4167,7.9549,1.591,False,2026-08-31T00:00:00Z
2026-07-23T16:39:43Z,Will Yordan Alvarez win the 2026 American League MVP Award?,will-yordan-alvarez-win-the-2026-american-league-mvp-award,0x81f0581f13aa4e7b7d913df45f66752c92be4067a0a852c5f9dad60cc92d30a2,13355608019833785142939157876513389296306627396853899645099858220659832461398,0.8165,0.003,0.045,50.0,200.0,7372.58,1875.1371,76.5462,7.8441,1.5688,False,2026-11-13T00:00:00Z
2026-07-23T16:39:45Z,Will Minnesota Lynx win the 2026 WNBA Finals?,will-minnesota-lynx-win-the-2026-wnba-finals-171,0xcb3a9d3ea501b93b752a39ac7f01e6bd5e316f18bbea63ad168302b76d2d0838,16714024752199254076031883884305187106481039244603635381186298446034774567605,0.405,0.01,0.045,50.0,103.0,8695.22,1882.2499,154.321,7.8048,1.561,False,2026-10-31T00:00:00Z
2026-07-23T16:39:42Z,Will there be no change in Fed interest rates after the September 2026 meeting?,will-there-be-no-change-in-fed-interest-rates-after-the-september-2026-meeting-615,0xa3b36b2d6104d34af4e6c6215fc818e43352e78a748fbfb0b85e3a35f71dec9a,5615282760875985231868508008056959876238536896643315063916840237042205273721,0.415,0.01,0.045,200.0,462.0,35569.38,8809.7073,150.6024,7.7652,1.553,False,2026-09-16T00:00:00Z
2026-07-23T16:39:44Z,Will Mohamed Salah play in Süper Lig next?,will-mohamed-salah-play-in-sper-lig-next,0xbe776fd2e3a8b7e805ef915c49b619602f9ea2799444fbe77a8294bdb33ea0dc,113610228206812066399739746340575053293887198499234037915086154152090345289988,0.724,0.01,0.045,50.0,124.0,5850.54,1382.6387,86.326,7.2871,1.4574,False,2026-09-01T00:00:00Z
2026-07-23T16:39:42Z,Will the U.S. invade Iran before 2027?,will-the-us-invade-iran-before-2027,0x5db999fad322cea2914535aae5517060c3f80ad6d8c0231cde2124a434d16846,55115078421062885512539156303747803058407616201213034911037320915726138659123,0.305,0.01,0.035,200.0,800.0,234532.11,23563.7918,204.918,6.8971,1.3794,False,2026-12-31T00:00:00Z
2026-07-23T16:39:45Z,"Will ""End of Beginning – Djo"" be the top song for 2026?",will-end-of-beginning-djo-be-the-top-song-for-2026-20260716181626188,0xe2e548cb9997dd0c6349f0e4562bbf560f399787a377c1144e70782335afe3cf,3922988387979671390782142823912026837077313109900926550849222590676683070878,0.471,0.002,0.045,50.0,109.0,4831.77,2019.582,132.6964,6.7203,1.3441,False,2026-12-31T00:00:00Z
2026-07-23T16:39:42Z,Will the Fed decide differently in the next three decisions (Jun–Jul–Sep)?,will-the-fed-decide-differently-in-the-next-three-decisions-junjulsep,0x1b56e46dba9e7b2bf93db18e7a79de3f97037314a46f8ebc93b541ae5f396200,85826665387206167260072765846747779665709734070578023319734585788378738859863,0.595,0.01,0.045,200.0,515.0,29885.73,9052.2435,105.042,5.9075,1.1815,False,2026-09-16T00:00:00Z
2026-07-23T16:39:44Z,Will Benjamin Netanyahu visit New York City by September 30?,will-benjamin-netanyahu-visit-new-york-city-by-september-30-20260722053445710,0x236fabcdc7506a5bde811505d8dc35863599dfea80ac3d39ac6f6d28dc922b08,32824503107343686825699724157960240520522561676143595456344021563135120135188,0.83,0.02,0.045,200.0,200.0,35953.26,2541.7843,75.3012,5.7546,1.1509,False,
2026-07-23T16:39:43Z,Will CXMT’s closing IPO market cap be at least 2T yuan?,will-cxmts-closing-ipo-market-cap-be-above-2t-cny-20260722211138918,0x97d9f218729a5ba70b6ce1759dd5ad5d963b7ad0b5a3f1664756b6a9778abd79,91215020235467523613743395156216072475016331326622506403287349690904728226544,0.895,0.01,0.045,20.0,400.0,26011.06,4844.1126,69.8324,5.6844,1.1369,False,2026-12-31T00:00:00Z
2026-07-23T16:39:46Z,Iran leadership change by September 30?,iran-leadership-change-by-september-30-20260629144005163,0x094772b3529f455e881a4483eaf1c24266384f55e97c23f24f638f5726ba9920,88625172154940601310371162296902329186464943870430613860050976406759176744521,0.165,0.01,0.045,200.0,100.0,5530.97,6539.6405,378.7879,5.4751,1.095,False,2026-09-30T00:00:00Z
2026-07-23T16:39:43Z,Will the 49ers win the season series against the Cardinals during the 2026-27 NFL regular season?,will-the-49ers-win-the-season-series-against-the-cardinals-during-the-2026-27-nfl-regular-season-20260717194043106,0xb5d8518e3ac3e89144d5d2a81e8c6d89829eee1f7945180dbc8044f230cd359a,96808527941735680354275247968753953658415509833435577057374126889544207639360,0.595,0.01,0.045,20.0,250.0,15104.04,4909.7936,105.042,5.2366,1.0473,False,2027-01-12T00:00:00Z
2026-07-23T16:39:44Z,Will Darline Graham Nordone be the new republican nominee for Senate in South Carolina?,will-person-f-be-the-new-republican-nominee-for-senate-in-south-carolina-20260712140628838,0x26a6c7e4a905dfc13f23c44a8e41d0b96ad60569ef49869c46c237dfd8f3c003,49869160041323840584812036178393008034046781140245590791017996532351395946894,0.6795,0.01,0.045,50.0,184.0,24049.14,3177.6948,91.9794,5.1761,1.0352,False,2026-08-11T00:00:00Z
2026-07-23T16:39:42Z,Strait of Hormuz traffic returns to normal by August 31?,strait-of-hormuz-traffic-returns-to-normal-by-august-31-20260702154212320,0x60c2c085ee8c16bc8f2419739a94971d4c9d00f637ead10fc0f540afa1be64e8,105426373826369935595603860663411604941599130211176020843036778867927711117332,0.125,0.01,0.035,200.0,500.0,64842.0,49763.391,500.0,4.9738,0.9948,False,2026-08-31T00:00:00Z
2026-07-23T16:39:45Z,Will Renan Santos win the 2026 Brazilian presidential election?,will-renan-santos-win-the-2026-brazilian-presidential-election,0x05297f854d3b757d5e51a1a29c7f225a80b14b2a161d6b7f9a61677da7a80ced,93998891488819623915454849994768171534113749478841216025646247933473925258016,0.1175,0.001,0.055,200.0,117.0,23733.13,12062.7765,531.9149,4.9413,0.9883,False,2026-10-04T00:00:00Z
2026-07-23T16:39:43Z,Will the Fed Pause–Pause–Pause in the next three decisions (Apr–Jun–Jul)?,will-the-fed-pausepausepause-in-the-next-three-decisions-aprjunjul,0x647fe897e10ecde7f5bf00b420cd00b76634b7de8830ae683136c9d3102c5532,56334109072101012568565557413515181781775629851986900885124750322943234065776,0.735,0.01,0.045,50.0,250.0,22519.36,4354.1179,85.034,4.7889,0.9578,False,2026-07-29T00:00:00Z
2026-07-23T16:39:43Z,Will there be no change in Fed interest rates after the July 2026 meeting?,will-there-be-no-change-in-fed-interest-rates-after-the-july-2026-meeting,0x8bf1c1536ecb1c08fe13c6b71e8ab1f58bf3461c4cb79f5f1679f869a06aef86,111604417349377875799825956621596386269673370070912696668140891647145772186047,0.7385,0.001,0.045,200.0,1250.0,621539.86,22059.3311,84.631,4.7773,0.9555,False,2026-07-29T00:00:00Z
2026-07-23T16:39:43Z,Will there be no change in Fed interest rates after the October 2026 meeting?,will-there-be-no-change-in-fed-interest-rates-after-the-october-2026-meeting-20260617190324031,0xdf9bf27ee5757c55b44b8b9826ddc9ec3a8809aa3278634c45edbb7fc8f1a3e3,111061902544814266207267295505639408607400625795891618462682726460921782993748,0.555,0.01,0.045,50.0,279.0,39948.08,6514.1447,112.6126,4.7412,0.9482,False,2026-10-28T00:00:00Z
2026-07-23T16:39:45Z,Iran leadership change by December 31?,iran-leadership-change-by-december-31-974-976-658-482-568-685,0x377e7fe65cf198a7fc4fdae3f2136b74729279267858daaf96718b23bc2a5607,18652479948917565296149340091675894865339012333173025944893512396354173886674,0.255,0.01,0.035,200.0,100.0,10294.82,5008.3976,245.098,4.6654,0.9331,False,2026-12-31T00:00:00Z
2026-07-23T16:39:44Z,"US-Iran Final Nuclear Deal by December 31, 2026?",us-iran-final-nuclear-deal-by-december-31-2026,0x79b7408f02df2eba4034ca4c06ddf17b8dbeacc5adbe8595969e7573912c4e3b,31155599200443620024532103683912072563894181253510224263086924270624693692711,0.305,0.01,0.045,200.0,150.0,28769.16,6862.5363,204.918,4.3492,0.8698,False,2026-09-30T00:00:00Z
2026-07-23T16:39:46Z,"US announces end of Iranian blockade by August 31, 2026?",us-announces-end-of-iranian-blockade-by-august-31-2026-20260713152715084-642,0x47ec761ae98d7c28b20c0222f1507e3af0f198a904f86b4a264b2e987f0b80c7,3995405418988860809616760430893135352799035734473152509556306061162112667429,0.46,0.01,0.045,200.0,100.0,9603.95,3221.5237,135.8696,4.0469,0.8094,False,2026-08-31T00:00:00Z
2026-07-23T16:39:44Z,Will Benjamin Netanyahu visit New York City by December 31?,will-benjamin-netanyahu-visit-new-york-city-by-december-31-20260722053445711,0x5d02cb8ef8fe6c50dd2d58283dfe5742b4f13cfa5acbaa4b75dc25a438c6594d,30518385375198439635185229487622977022492810585983145828956543777339451661080,0.885,0.01,0.045,200.0,200.0,32391.59,3695.2805,70.6215,3.7506,0.7501,False,
2026-07-23T16:39:43Z,Tyler Robinson convicted of homicide?,tyler-robinson-convicted-of-homicide,0xdfea8851512360fb70c4b4ed29ed369b6dbcdfc58b2493b66cba65faab622129,110121849054524311559637722508594302357291606532161889048119752094089952931603,0.49,0.02,0.045,200.0,250.0,39119.99,8611.2353,127.551,3.649,0.7298,False,2026-12-31T00:00:00Z
2026-07-23T16:39:43Z,Will Stripe acquire Paypal in 2026?,will-stripe-acquire-paypal-in-2026,0x74681cc13dc54fa347507d7ab57b66ea8c0e8c4ff9fb5a589583239c774f65aa,59528430575002039974877371601639303686869751244866658786853981046174443210300,0.3015,0.001,0.045,100.0,200.0,23489.51,14849.3272,207.2968,2.7536,0.5507,False,2026-12-31T00:00:00Z
2026-07-23T16:39:45Z,US strike on Cuba by December 31?,us-strike-on-cuba-by-december-31,0x3de0f3d7d7efb40cde68e814d40a0b232832083653c8e78260eb999baa967de0,91347242536105459969213788769929618447748782724898414007495579710952664644740,0.335,0.01,0.045,100.0,100.0,16329.86,6598.1062,186.5672,2.7498,0.55,False,2026-12-31T00:00:00Z
2026-07-23T16:39:46Z,Iran charges Hormuz fees by October 31?,iran-charges-hormuz-fees-by-october-31,0xb818eb1084fdbc85161dda72c93e1e2da6eb3cc675aa815becb69f45f30683c9,28124160639561291369865852757900361591346814138837883756455228145975719395425,0.555,0.01,0.045,50.0,100.0,18557.82,3999.3862,112.6126,2.7386,0.5477,False,2026-10-31T00:00:00Z
2026-07-23T16:39:48Z,Will Cook Islands Party win the most seats in the 2026 Cook Islands parliamentary elections?,will-cook-islands-party-win-the-most-seats-in-the-2026-cook-islands-parliamentary-elections-20260715185920488,0xf7ecedc748ce2fb34ece2c65d306e04376d74ed7d6be8b075a64033e1c2b6af1,4069284334894324826761607862987368453046427530618951026436277623465734888722,0.895,0.01,0.055,50.0,100.0,20060.4,2754.9835,69.8324,2.4721,0.4944,False,2026-08-12T00:00:00Z
2026-07-23T16:39:43Z,Will Benjamin Netanyahu be the next Prime Minister of Israel?,will-benjamin-netanyahu-be-the-next-prime-minister-of-israel,0x7586a96520578acaaaa4ea84a2582f197f84255da1f3392a7aa300386c187b37,20006732765674855733524007935991362439352594042415161039767275461950712817548,0.375,0.01,0.055,100.0,211.0,61319.33,14196.5921,166.6667,2.4484,0.4897,False,2026-12-31T00:00:00Z
2026-07-23T16:39:44Z,Will Drake be the top artist in the US for 2026?,will-drake-be-the-top-artist-in-the-us-for-2026-20260714171850369,0xdf654c7206770646c4a058c6e778753bb1a8cc8872d41762c47bf0093ee9b157,73352292146752457122108933743780855936957950734237961835838317055712180830628,0.765,0.01,0.045,50.0,164.0,21066.25,5451.0953,81.6993,2.4217,0.4843,False,2026-12-31T00:00:00Z
2026-07-23T16:39:44Z,Will A'ja Wilson win the 2026 WNBA MVP award?,will-aja-wilson-win-the-2026-wnba-mvp-award,0x40ce87dc8756e9f36aa6540bcf8e9af2e344c1aff80100a25e84a112477518a8,101490963165714655237927382937216961926396253705702211172320941730439764750831,0.725,0.01,0.045,50.0,163.0,21573.64,5745.3896,86.2069,2.4096,0.4819,False,2026-09-25T00:00:00Z
2026-07-23T16:39:44Z,Will Lamine Yamal win the 2026 Ballon d'Or?,will-lamine-yamal-win-the-2026-ballon-dor,0xa34edb6c898232378a9cc08744842df2cd89d278ba45b012bed3ac10c7241c4d,10466835326554416965099784068156829774726248334728156046559014834812912458273,0.2605,0.001,0.045,50.0,150.0,33491.59,14859.7244,239.9232,2.3834,0.4767,False,2026-10-31T00:00:00Z
2026-07-23T16:39:42Z,Strait of Hormuz traffic returns to normal by December 31?,strait-of-hormuz-traffic-returns-to-normal-by-december-31,0x5c79dfde05559b79a9cb9f7c4187e4d49632dd042572ae676952f812732591cc,83783489454659420807679723574840032660002326710045123865554753994450797728825,0.495,0.01,0.045,200.0,400.0,172764.34,21246.7314,126.2626,2.363,0.4726,False,2026-12-31T00:00:00Z
2026-07-23T16:39:44Z,Strait of Hormuz traffic returns to normal by September 30?,strait-of-hormuz-traffic-returns-to-normal-by-september-30-20260702154339440,0xa08a5ce99e14ce0b22767af6f16c08a2ab012249444c20887193a9a3e98e11fc,23545193122217391289335133742859160842475987880562465754342378273033942179195,0.215,0.01,0.045,200.0,150.0,37111.16,20323.5783,290.6977,2.1153,0.4231,False,2026-09-30T00:00:00Z
2026-07-23T16:39:46Z,Will “The Pitt” win Emmys 2026: Outstanding drama series?,will-the-pitt-win-emmys-2026-outstanding-drama-series-20260709174228868,0x8009fd51e7efee9dbe65fff72655801fd78130943ccc969a7e90a2b6b595a94e,45809425143901139297301027324378167833555350783420512032926493198114879189453,0.875,0.01,0.045,50.0,100.0,15814.85,3701.7373,71.4286,1.8931,0.3786,False,2026-09-14T00:00:00Z
2026-07-23T16:39:43Z,Will Reliance Industries Ltd be the largest Indian company?,will-reliance-industries-ltd-be-the-largest-indian-company-20260629145852097,0xa7c2e8c097a10562d2fd69543ec0fbd47ba749537e4cf7718e6aaeb221b31c22,1192855503609137874312052700306206615580878761700811847416939570220613299259,0.705,0.01,0.045,20.0,291.0,42829.46,13779.8909,88.6525,1.8602,0.372,False,2026-12-31T00:00:00Z
2026-07-23T16:39:43Z,Will Gadi Eizenkot be the next Prime Minister of Israel?,will-gadi-eizenkot-be-the-next-prime-minister-of-israel,0xdbe93b5a701f36076a560fa4b9ba59e365a6e8e2ea6a83764640010657277ca4,52487256270918227930942830546248720603566203568229607048093730748840489555808,0.4835,0.001,0.055,100.0,276.0,57940.05,19867.0704,129.2658,1.7842,0.3568,False,2026-12-31T00:00:00Z
2026-07-23T16:39:45Z,Will Anthropic or OpenAI IPO first?,will-anthropic-or-openai-ipo-first,0xc289a877bc155123069739b21d690b3e8dc220b98f6ae3924468bbcbdfaf98dc,51304003362239709880504968390039580061990214698769992358487552410838121726408,0.865,0.01,0.045,100.0,100.0,32638.7,4334.1995,72.2543,1.6397,0.3279,False,2027-12-31T00:00:00Z
2026-07-23T16:39:45Z,Will Jon Ossoff win the 2028 Democratic presidential nomination?,will-jon-ossoff-win-the-2028-democratic-presidential-nomination-885,0x74dba1ce1ae9dd535414e85f2d9ab5ea32c0fb1acc9b7130b67e6d91217e24e1,70071592420137476676935286377781779672157004436137616627487590484756055232944,0.1355,0.003,0.055,200.0,118.0,81935.97,33961.6122,461.2546,1.5812,0.3162,False,2028-11-07T00:00:00Z
2026-07-23T16:39:46Z,Will Matthew Rhys – “Widow’s Bay” win Emmys 2026: Outstanding lead actor in a comedy series?,will-matthew-rhys-widows-bay-win-emmys-2026-outstanding-lead-actor-in-a-comedy-series-20260709174230874,0xd8715a7b57165670e5798526b03ce03b5db3eba8af1aca0fb49f45795bf1fa74,35889361755651534666904011479419690822653249139554728379671956057816922222501,0.8635,0.009,0.045,50.0,100.0,18709.56,4736.0883,72.3798,1.5053,0.3011,False,2026-09-14T00:00:00Z
2026-07-23T16:39:44Z,Will Alexandria Ocasio-Cortez win the 2028 Democratic presidential nomination?,will-alexandria-ocasio-cortez-win-the-2028-democratic-presidential-nomination-653,0xe6bcc2f1dd025ce5e1833190f7c60a71171c94f805df55b9ab0ded695ec93565,107064985435494333113391038470401719113272800530429703182710416066774068907304,0.1445,0.001,0.055,200.0,132.0,49397.51,41511.2339,432.526,1.3612,0.2722,False,2028-11-07T00:00:00Z
2026-07-23T16:39:45Z,Will the Los Angeles Dodgers win the 2026 World Series?,will-the-los-angeles-dodgers-win-the-2026-world-series,0x749d8eccbc0a99447e71fc5e40a0096842774bef4d5c8838b8adb39af068b3cb,1204155327844132216976037605131756626466220080116229118353112706411786559118,0.325,0.01,0.045,50.0,124.0,92513.31,17531.2621,192.3077,1.3454,0.2691,False,2026-10-31T00:00:00Z
2026-07-23T16:39:43Z,Will Marine Le Pen win the 2027 French presidential election?,will-marine-le-pen-win-the-2027-french-presidential-election,0x8126317d621047fb13d508a2651eecc8d38305904671822a62309c5aabd353aa,55764212211467781322980371912612507865974994976253196346176314491480419639168,0.3055,0.003,0.055,100.0,227.0,113835.53,36917.3139,204.5827,1.251,0.2502,False,2027-04-30T00:00:00Z
2026-07-23T16:39:45Z,Fed rate hike in 2026?,fed-rate-hike-in-2026,0x80b3af88cb991980e8da1ce86b9794a0957f96ec98c29319dd7ba65e9744d82b,75028752776148090296091099469912621384650554615761384992997579209329182670110,0.705,0.01,0.035,200.0,100.0,51748.21,7056.0327,88.6525,1.2408,0.2482,False,2026-12-09T00:00:00Z
2026-07-23T16:39:43Z,Will Édouard Philippe win the 2027 French presidential election?,will-douard-philippe-win-the-2027-french-presidential-election,0x46f2f457e14ee9021ebd0ef4c27eacd98fdceaf7f2938b484e2551e9e3275ae8,84846382165343032223975853870946110241285484772019446686866815597350660955868,0.265,0.01,0.055,100.0,200.0,85372.96,44498.8717,235.8491,1.0544,0.2109,False,2027-04-30T00:00:00Z
2026-07-23T16:39:45Z,Will Gavin Newsom win the 2028 US Presidential Election?,will-gavin-newsom-win-the-2028-us-presidential-election,0x4567b275e6b667a6217f5cb4f06a797d3a1eaf1d0281fb5bc8c75e2046ae7e57,98250445447699368679516529207365255018790721464590833209064266254238063117329,0.1255,0.001,0.055,200.0,103.0,91453.1,50770.2447,498.008,1.0005,0.2001,False,2028-11-07T00:00:00Z
2026-07-23T16:39:45Z,Will the Los Angeles Rams win the 2027 NFL league championship?,will-the-los-angeles-rams-win-the-2027-nfl-league-championship,0xdb88bf08a8244ff54b020d91853d03655b23eea74ed3ced99be6e6e978b0a3c3,43352642039302747588938905555385017655344819959150117270669936414308468726872,0.145,0.01,0.045,50.0,106.0,71227.19,48528.2104,431.0345,0.9332,0.1866,False,2027-03-31T00:00:00Z
2026-07-23T16:39:43Z,Will Flávio Bolsonaro win the 2026 Brazilian presidential election?,will-flvio-bolsonaro-win-the-2026-brazilian-presidential-election,0x1a01bf78f56a507fcb666d564d8c8b91b0750679163ed6e96746102c9b7d285d,109876868437950584369987384406356259939519193117253465815665152916226511121427,0.2365,0.001,0.055,200.0,317.0,210089.69,89721.2069,264.2706,0.931,0.1862,False,2026-10-04T00:00:00Z
2026-07-23T16:39:46Z,Will Javokhir Sindarov win the 2026 World Chess Championship?,will-javokhir-sindarov-win-the-2026-world-chess-championship,0xf35f7e818e58b63a996f909956b0ea1ad5c6517653cb4e67ce735e3666443920,113051954436140230967350044098811981944103572640132117862389458890801640599836,0.655,0.01,0.045,50.0,100.0,93638.26,10428.3029,95.4198,0.9067,0.1813,False,2027-01-01T00:00:00Z
2026-07-23T16:39:45Z,Will Barcelona win the 2026-27 LALIGA Championship?,will-barcelona-win-the-2026-27-laliga-championship-20260701200737379,0x862081e0d2a682ccb92c39263613f7a287298e7c9d1823d1abdd2b515cff9a23,78000288950683689025029690066756773560403178897442713372002372085573604431292,0.535,0.01,0.045,50.0,104.0,222384.75,13319.5575,116.8224,0.9042,0.1808,False,2027-05-30T00:00:00Z
2026-07-23T16:39:45Z,Will Gukesh Dommaraju win the 2026 World Chess Championship?,will-gukesh-dommaraju-win-the-2026-world-chess-championship,0xb8b5ba728577c752f2147f8a15a1710b39c70bafe5fa9536159725c7f09779c4,110081642499887057602720911571042235022449889791095107840103468213700572553441,0.335,0.01,0.045,50.0,100.0,46136.63,22936.5877,186.5672,0.8068,0.1614,False,2027-01-01T00:00:00Z
2026-07-23T16:39:43Z,Will Gavin Newsom win the 2028 Democratic presidential nomination?,will-gavin-newsom-win-the-2028-democratic-presidential-nomination-568,0x0f49db97f71c68b1e42a6d16e3de93d85dbf7d4148e3f018eb79e88554be9f75,54533043819946592547517511176940999955633860128497669742211153063842200957669,0.1975,0.001,0.055,200.0,221.0,156883.94,88511.2665,316.4557,0.7873,0.1575,False,2028-11-07T00:00:00Z
2026-07-23T16:39:45Z,Will Shohei Ohtani win the 2026 National League MVP Award?,will-shohei-ohtani-win-the-2026-national-league-mvp-award,0x5244e82400ae4fb15981580bd5d6782f00ee0451c6d9b1dd04ac355f9ba76e53,60384423866031184678290594238742960311610445395425380345882318544287651767723,0.755,0.01,0.045,50.0,106.0,73876.66,13019.2858,82.7815,0.6697,0.1339,False,2026-11-13T00:00:00Z
2026-07-23T16:39:42Z,Will Luiz Inácio Lula da Silva win the 2026 Brazilian presidential election?,will-luiz-incio-lula-da-silva-win-the-2026-brazilian-presidential-election,0xdf8e2dc5860027decbe6164555c3c1c9645c3bd33e16b9dc57ca87125047d4a8,30630994248667897740988010928640156931882346081873066002335460180076741328029,0.605,0.01,0.055,200.0,566.0,495777.48,92331.9706,103.3058,0.6326,0.1265,False,2026-10-04T00:00:00Z
2026-07-23T16:39:44Z,Will JD Vance win the 2028 US Presidential Election?,will-jd-vance-win-the-2028-us-presidential-election,0x7ad403c3508f8e3912940fd1a913f227591145ca0614074208e0b962d5fcc422,16040015440196279900485035793550429453516625694844857319147506590755961451627,0.1995,0.001,0.055,200.0,192.0,251459.66,112790.2646,313.2832,0.5318,0.1064,False,2028-11-07T00:00:00Z
2026-07-23T16:39:44Z,Will Kimi Antonelli be the 2026 F1 Drivers' Champion?,will-kimi-antonelli-be-the-2026-f1-drivers-champion,0xcd2640464754b9a894ffec98ac11554fdd507ea89ca01237eabb3a6de4a606e6,32950178421556833525068948927823594772134813180063196823389171317494746105102,0.7455,0.001,0.045,50.0,133.0,68302.81,21924.0868,83.8364,0.5066,0.1013,False,2026-12-06T00:00:00Z
2026-07-23T16:39:45Z,Will Jorginho Mello win the Governor of Santa Catarina election?,will-jorginho-mello-win-the-governor-of-santa-catarina-election-20260609164311690,0x7ebc38c141bf1f387c9c8af85daa332a3c04e6af26aa0f7e11f5ceeb2998e443,94151168828634569014315985893427012288828386814037666179673510247282520198915,0.885,0.01,0.055,50.0,100.0,46493.11,14509.519,70.6215,0.4844,0.0969,False,
2026-07-23T16:39:45Z,Will no Fed rate cuts happen in 2026?,will-no-fed-rate-cuts-happen-in-2026,0xd4e77ba6f29fc093509d24f508631abd445ecf506bbdc9c4c80e60256a318527,12403602920039269077597917340921667997547115084613238528792639013246536343316,0.846,0.002,0.045,50.0,116.0,115080.44,18784.0974,73.8771,0.4544,0.0909,False,2026-12-31T00:00:00Z
2026-07-23T16:39:44Z,Will J.D. Vance win the 2028 Republican presidential nomination?,will-jd-vance-win-the-2028-republican-presidential-nomination,0x18b1c135d0a40c5894da9412e77311827d9caf16cf4cd6591b247a34730af919,40081275558852222228080198821361202017557872256707631666334039001378518619916,0.4295,0.001,0.055,100.0,125.0,119645.65,41630.4133,145.518,0.4354,0.0871,False,2028-11-07T00:00:00Z
2026-07-23T16:39:45Z,Will Marco Rubio win the 2028 US Presidential Election?,will-marco-rubio-win-the-2028-us-presidential-election,0x2053d8515f1b8cbeea4ccdb56e60e89c2617e43a8660d95166b8e71d27865277,11171618905857319805355893398009978356002287408842633593535559412449299952250,0.1395,0.001,0.055,200.0,115.0,215896.58,158867.1689,448.0287,0.3234,0.0647,False,2028-11-07T00:00:00Z
2026-07-23T16:39:43Z,Will Harry Kane win the 2026 Ballon d'Or?,will-harry-kane-win-the-2026-ballon-dor,0x12dc2b61723b2a54fc1947a307389b5f32038e7a29a0e936ad1fe410b969d06a,72710166409980712002774407052535905861151156175854323762835102340552522606004,0.4095,0.001,0.045,50.0,257.0,273921.41,143466.4541,152.6252,0.2731,0.0546,False,2026-10-31T00:00:00Z
2026-07-23T16:39:45Z,Will Inter Milan win the 2026-27 Serie A Championship?,will-inter-milan-win-the-2026-27-serie-a-championship-20260701200118397,0xfce63f3ddcc6fb3409de3ac48ec4e1c457f0cacac51017a349ab7f219496042e,68839366331464964800945286369500150021348607346986921760322623630330218373790,0.505,0.01,0.045,50.0,124.0,378334.82,57862.9549,123.7624,0.2647,0.0529,False,2027-05-30T00:00:00Z
2026-07-23T16:39:43Z,Will Paris Saint-Germain win the 2026-27 Ligue 1 Championship?,will-paris-saint-germain-win-the-2026-27-ligue-1-championship-20260701201053346,0x2cf1d3add82128e953811f4412f6e0f34776fe3c4b60f4f4b8b61ef3b7745b28,92246328562240089384474835445688219606997651896071452249894684219516278032639,0.865,0.01,0.045,50.0,200.0,3009102.36,227723.9057,72.2543,0.0634,0.0127,False,2027-05-30T00:00:00Z
2026-07-23T16:39:44Z,Will Bayern Munich be the 2026-27 Bundesliga champion?,will-bayern-munich-be-the-2026-27-bundesliga-champion-20260708164840304,0xb31e96c9ddc423b8c07549a23d35f326796c7d1e9c1336e9686f61ff9c4124da,86188390496703366215739080277587861472902262344214874797731409104844551918626,0.865,0.01,0.045,50.0,160.0,2524510.27,194089.3294,72.2543,0.0595,0.0119,False,
